id	xcoord	ycoord	type	neighbours
0	-94.82045603691056	16.483914004566703	0	59,204,880,930
1	-102.4547181051695	18.519973846813738	0	131,312,617,654,656,947
2	-103.38042828086945	18.42966751754072	0	133,265,947
3	-99.91678949617192	21.800146068212253	0	165,192,305,518,566,673
4	-103.7833137652129	22.243994721671278	1	96,164,287,532,786,803
5	-111.52735651023663	26.394862358268767	0	127,374
6	-105.88591499999552	25.52920180481837	1	140,159,360,540,542,848
7	-102.99330194137772	19.234628527447665	0	265,464,571,633,656,872
8	-95.70239157531928	16.425798911605312	0	149,717,839,863,871,880
9	-108.22361823465548	29.546042515850566	1	185,241,405,604,698,876
10	-91.9943075308364	17.010836219216404	0	273,391,634,779,826,906
11	-101.33185660378996	27.086745407330316	0	183,235,491,794,838,904
12	-93.75412860663862	17.657136953334675	0	118,459,494,577,594,784
13	-116.38766621551147	31.444201361887558	0	30,124,461
14	-107.00957493187404	30.066564116296426	0	126,150,468,778,874,915
15	-89.84314405799321	19.289455186888453	0	50,75,166,233,793,936
16	-109.80444174794614	28.188559204658894	0	137,190,238,462,723,829
17	-97.92605666472807	16.262778192196944	0	211,549,706
18	-98.39642596716975	23.81655092842127	0	93,397,473,615,707,897
19	-105.78587202988494	30.574574879243738	0	27,194,621,726,772,849
20	-98.72021585054989	18.0805403677897	0	136,295,345,612,728,866
21	-104.77949143463543	28.740109457852377	0	62,184,635,746,840,892
22	-101.68779116313726	28.21658239726313	0	80,82,272,477,699,847
23	-111.341825218198	31.084940347257827	0	135,299,527,791,801
24	-98.3127188280481	18.867638984799036	1	295,296,420,550,562,817
25	-100.85986234216938	21.72805590673281	1	155,197,369,516,673,689
26	-99.37699082561807	17.65045677973801	0	136,200,435,573,728,808
27	-106.2974886490682	30.524885980560267	0	19,126,194,209,849,915
28	-113.52660055528696	31.53637197870377	0	132,555,782
29	-96.58882741806548	16.363639676983365	1	46,72,441,688,717,760
30	-116.22042569861036	31.858981618102522	0	13,269,390,461,687
31	-102.78283603771114	24.270571980369258	1	36,115,208,579,667,896
32	-103.47813149050036	28.466386070436226	0	138,368,394,556,671,686
33	-99.67490008662524	24.888657838086296	0	88,344,487,697,758,942
34	-106.39430183366035	29.35764302063439	1	188,313,367,468,748,788
35	-102.35236691421291	22.3746081764608	1	60,177,253,413,589,750
36	-102.29883190678585	24.31122537644814	1	31,71,492,579,598,667
37	-97.35857317212395	18.180700150715595	1	54,401,409,450,859,921
38	-98.49762273702304	25.342107999635264	0	224,331,338,821,836,923
39	-100.64064790461543	24.823816292806757	1	255,341,487,565,582,625
40	-90.49263633390647	19.638355003148515	0	166,247,490,793
41	-106.79327600332594	28.541942071543524	1	61,91,313,455,739,800
42	-106.86738641517424	25.42376146678131	1	140,414,753,802,824,944
43	-107.94668510621271	31.121661042456957	0	236,434,522,644,736
44	-99.73386457845857	25.653269971496066	0	232,344,433,524,584,942
45	-103.22705212206874	26.168256953160494	0	195,291,373,580,790,810
46	-96.79233657866246	15.97677854040506	0	29,72,158,760
47	-101.19593233873229	22.856002474008186	1	153,244,500,674,679,716
48	-103.55086599438805	24.590457557939665	1	66,115,180,208,537,559
49	-93.5068192240539	16.56356522470107	0	225,572,783,834,837,887
50	-90.06021932557195	18.91738429737357	0	15,166,354,595,928,936
51	-89.40044322068472	20.765291613381976	0	321,451,470,700,734,792
52	-94.63775222151293	17.607325250662832	0	118,152,196,251,576,919
53	-91.1371923381128	17.781386551328154	0	63,288,658,680,989,995
54	-97.606442135037	18.540162762114747	1	37,173,409,420,550,921
55	-87.45424135788345	21.150444123763688	0	298,442,645,812
56	-107.65752344041802	25.723839979403667	0	193,316,364,547,753,824
57	-107.8797202755616	27.256189011154326	1	64,363,428,618,823,941
58	-108.99324522353508	27.90158858197205	0	100,190,462,471,520,877
59	-95.0540776999291	16.839398163251452	0	0,152,499,839,880,930
60	-102.15063721929594	22.778003548985236	1	35,145,153,177,750,807
61	-106.99079404730617	28.132929219539783	1	41,361,457,739,755,800
62	-104.27596225056084	28.784892405481322	0	21,138,368,416,840,892
63	-91.35047586963351	17.40648523278993	0	53,288,391,634,952,989
64	-108.07162976941478	26.844493360165707	0	57,210,597,823,931,941
65	-104.88925565634297	27.569249575151574	0	94,172,234,343,882,912
66	-103.83640027807841	24.95229023163393	1	48,280,403,444,537,559
67	-108.87394661135762	27.137567229467585	0	227,421,471,597,877,941
68	-106.91822809392595	31.231569227181595	0	87,110,209,249,644,738
69	-104.36955660043832	21.025341625805375	0	266,652,718,747,884,918
70	-100.74479523545226	17.534145185026958	0	105,347,732,920,925
71	-102.02033900861584	23.947554207385107	1	36,378,492,533,662,667
72	-97.03361064650746	16.331037179712208	1	29,46,78,158,688,706
73	-99.03431764381193	26.078476378304362	0	338,433,584,586,762
74	-96.45555819020096	18.24177791507897	0	228,304,398,859,894,899
75	-89.4124811546553	19.300480362634524	0	15,233,423,626,743,936
76	-112.86889271011893	30.864999757390947	0	543,833,908
77	-106.95497343292755	24.245129259693478	0	157,261,583,805
78	-97.27657137553156	16.686203839696162	1	72,211,688,706,902,938
79	-112.15534521976197	27.084835007889073	0	440,466,759
80	-101.18942536179122	28.25027196622205	0	22,82,203,226,272,339
81	-95.10920771116142	18.32490885725992	0	242,888,890,919
82	-101.474560087421	28.615443773490803	0	22,80,89,203,477,819
83	-108.0368371874246	24.899277541630273	0	191,438,547,916
84	-105.12464056083641	21.33448395963294	0	284,380,718,773,918
85	-87.89755341296208	20.42011969805024	0	248,334,406,429,545,812
86	-108.94373388942567	25.95917086373373	0	481,708,722,903
87	-106.40351044411192	31.283412346844695	0	68,110,194,209
88	-99.1931417671394	24.91865733424365	0	33,224,372,758,836,942
89	-101.7617002088782	28.980036612620506	0	82,477,620,694,765,819
90	-99.82671470311688	23.72598828758722	1	176,216,322,324,475,811
91	-106.29003515660591	28.5943254562578	1	41,313,511,619,739,788
92	-103.92507691594066	19.142227396849414	0	133,358,851,872
93	-98.60861973636203	23.421085364200273	0	18,357,397,399,525,897
94	-105.18648153445419	27.928542319663574	0	65,146,343,513,635,882
95	-96.98499595098322	19.71456697478211	1	144,219,460,517,742,766
96	-103.30606511099315	22.288978928371623	1	4,287,496,532,589,945
97	-98.67077784146352	17.329799880706602	1	412,483,502,728,808,866
98	-92.87592377298954	17.702715447751164	0	410,459,651,696,841,860
99	-113.75274183612399	28.789615365211645	0	439,677,749,909
100	-108.49334067785219	27.962154177418963	0	58,363,471,520,570,852
101	-92.83345505057021	15.503998600450819	0	370,720,725,757
102	-106.38538514283404	27.42082270246851	1	107,207,276,317,741,755
103	-108.92282063136025	29.075805085867223	0	241,498,604,787,862,914
104	-105.29170832081843	26.75505326698365	1	234,704,745,776,816,910
105	-100.5467350108754	17.931000274760475	0	70,147,245,250,347,925
106	-100.13125952019001	27.54892196555351	0	148,281,342,569,574
107	-106.08543333491967	27.06357806321882	1	102,274,276,317,776,910
108	-106.07766090422622	23.17418823135333	0	167,548,825,934
109	-99.88890698056908	18.366264958855822	0	147,245,252,435,554,806
110	-106.71526419671135	31.636102006582206	0	68,87,738
111	-90.91731446020076	16.69628670698647	0	198,715,831,952,955,1000
112	-108.1075387910002	28.78428490384151	1	377,570,604,787,876,891
113	-92.86160209344926	16.96689772369797	0	696,783,827,834,860,906
114	-111.71170424632628	30.260232610263532	0	258,599,609,632,690,801
115	-103.26716666137978	24.228330504396002	1	31,48,180,208,458,896
116	-104.6318388760978	23.324380853078555	1	445,526,528,614,815,937
117	-106.17613380209153	23.941773921519133	0	157,167,261,535,934,939
118	-94.19528608694927	17.6327631793932	0	12,52,251,576,577,594
119	-97.99280365733985	21.16825844054202	0	221,326,359,505,531,622
120	-102.39725356992648	27.78010919693087	0	362,648,699,814,847,875
121	-100.28233102439098	26.387263969627664	0	213,256,303,388,524,843
122	-115.55095042821789	31.205376133153127	0	124,461,672,730,733,797
123	-102.95065031879075	21.16300454329815	1	186,454,553,639,663,855
124	-116.05313034452739	31.11797325883104	0	13,122,461,797
125	-97.31732949925605	17.432091879255672	1	222,401,450,484,902,938
126	-106.49991185392442	30.119224230633215	1	14,27,188,468,849,915
127	-111.70523969905891	25.978647242400054	0	5,374,508,770
128	-103.34380190542764	20.354636131731304	1	349,350,454,465,659,844
129	-88.13147549453434	19.327289848457227	0	384,426,446,452,476,895
130	-105.20637226466222	24.043561021706672	1	495,501,526,535,592,917
131	-102.64913083568274	18.119113061488523	0	1,312,947
132	-113.0169673126014	31.614334047103664	0	28,366,543,555
133	-103.65191590269393	18.785803719401102	0	2,92,265,872
134	-98.360549927739	19.622450894210065	1	296,479,562,692,830,932
135	-110.83069837255142	31.154324421668697	0	23,161,299,340
136	-99.17577871967973	18.04486936554059	0	20,26,345,435,728,806
137	-109.99118625677737	27.775078700407096	0	16,190,668,723,754,857
138	-103.77255536101994	28.82776083243471	0	32,62,368,416,671
139	-102.7052571224094	23.5034187414461	1	145,478,662,667,896,946
140	-106.37674673269711	25.47731051615108	1	6,42,159,360,414,944
141	-95.73359240321847	17.167249570551355	0	382,499,519,727,839,863
142	-92.18493362022626	15.178206434680405	1	370,725,865,980,981,983
143	-97.9705948548853	17.008319261040914	0	211,222,412,502,549,938
144	-97.19316304788715	19.323270898277208	1	95,173,219,517,624,655
145	-102.42703830124383	23.14074620321975	1	60,139,177,478,662,807
146	-105.48559765885271	28.28708454880507	0	94,511,513,619,635,746
147	-100.34762030618978	18.327981782341528	0	105,109,245,250,252,629
148	-100.3459825003529	27.151852503938002	0	106,183,388,569,574,843
149	-95.46666242844807	16.07133959018502	0	8,871,880
150	-107.20889636755314	29.659047706557875	1	14,468,698,710,748,778
151	-109.74179772918572	29.362062451186766	0	381,385,432,498,507,914
152	-94.84638299797551	17.22340302288367	0	52,59,196,251,499,930
153	-101.67304887638885	22.817744246007013	1	47,60,244,674,750,807
154	-101.19898207971883	20.164753226475256	1	306,514,538,546,701,842
155	-100.65549546929853	22.128405730795865	1	25,500,566,673,689,796
156	-98.50756548344278	21.897768731984822	0	221,329,356,488,536,752
157	-106.6608112579196	23.888556130241174	0	77,117,261,934
158	-97.23629031712285	15.943273708524035	0	46,72,706
159	-106.18152469889635	25.887250298439266	1	6,140,540,640,861,944
160	-115.38842946631155	30.460488527863028	0	449,672,676,777,797
161	-110.31864960462362	31.221710706132004	1	135,340,376,929
162	-111.08485975031591	25.285128116515082	0	515,685,744,770
163	-110.61893200175537	28.470368112691748	0	223,238,330,387,723,804
164	-104.2607407572391	22.197570246059737	0	4,392,568,786,798,803
165	-99.65291502800495	21.436320780090288	0	3,169,192,297,396,518
166	-90.27557468831932	19.27736838941334	0	15,40,50,247,595,793
167	-105.88508223198956	23.5839360847975	0	108,117,535,548,917,934
168	-101.68025944535523	25.519107303127274	0	218,270,332,447,666,775
169	-99.39085153410831	21.072776708393736	0	165,297,352,396,661,731
170	-102.47555287413452	28.54470282278842	0	477,686,699,765,814,940
171	-113.77620042187365	27.6173135228468	0	201,202,467,504,585,616
172	-104.39049920085696	27.615086619864925	1	65,343,670,764,912,926
173	-97.40031107934504	18.931785492973777	1	54,144,420,624,655,921
174	-112.07624154874613	29.432618151281197	0	175,294,408,509,599
175	-112.25653395958149	29.01785647399379	0	174,408
176	-99.6166716352645	24.124159611063874	0	90,322,324,643,697,758
177	-102.62863161520835	22.736782161681273	1	35,60,145,478,589,945
178	-109.86878541465079	30.120760472903694	0	393,432,507,567,856,886
179	-100.70580126057234	25.589532840980798	1	199,218,232,303,582,625
180	-103.75175483460761	24.18450411941688	1	48,115,355,458,559,756
181	-88.75522994800548	20.40934913787778	0	321,334,451,607,678,771
182	-100.5301040343111	20.60314645329896	1	300,306,601,842,870,881
183	-100.83860596127862	27.12018948426511	0	11,148,235,388,569,838
184	-105.07922795347079	29.098907285645314	0	21,335,746,892,911,933
185	-108.02789938342976	29.95528336422702	1	9,405,698,778,820,835
186	-102.4781724311441	21.2061679941598	1	123,308,553,639,767,858
187	-104.47643079461069	19.855727582161204	0	307,310,358,379,596,785
188	-106.19282923253262	29.76422300317479	1	34,126,367,468,780,849
189	-99.28201985451632	19.554833369810147	1	254,561,683,751,830,900
190	-109.49255195492388	27.839225087854608	0	16,58,137,462,668,877
191	-108.33743650218301	25.253270351796537	0	83,193,547,722
192	-99.44626837049225	21.83408722767236	0	3,165,297,305,356,628
193	-108.1488563968497	25.666036812557106	0	56,191,316,547,708,722
194	-106.09371319437116	30.929551701925156	0	19,27,87,209,621
195	-103.43139644514585	25.763517909975988	0	45,231,264,291,373,444
196	-95.08147983963941	17.580817917476153	0	52,152,242,499,727,919
197	-101.06310596897183	21.327432832255482	1	25,246,262,369,516,601
198	-91.12898536577201	16.323019852347812	0	111,715,735,831,1001,1005
199	-100.98286757973261	25.955487640809054	0	179,218,256,303,447,608
200	-99.83228046670047	17.612802535580215	1	26,245,435,573,867,925
201	-113.60381466358255	28.034438139315622	0	171,202,439,616,828,909
202	-113.28353042176472	27.69469463061135	0	171,201,327,467,474,828
203	-100.9748478680791	28.64797493367491	0	80,82,339,348,819
204	-94.38129525794191	16.51146316696135	0	0,572,653,930
205	-104.30046619657037	26.84863971170087	0	283,400,636,670,745,912
206	-110.88353393658839	29.987579541323946	0	365,383,541,567,632,690
207	-106.88379659838819	27.367733189555775	1	102,317,361,591,618,755
208	-103.06487853599504	24.63339276932653	1	31,48,115,537,579,703
209	-106.60689063399393	30.878799174130307	0	27,68,87,194,249,915
210	-107.76793198367952	26.490406166119914	0	64,316,364,551,823,931
211	-97.72413602699801	16.652446873020114	0	17,78,143,549,706,938
212	-114.36694092972957	31.788379216834542	0	419,482,506,782
213	-99.79357902897902	26.417721316355493	0	121,277,433,524,762,843
214	-101.04429925696435	29.410107968690234	0	348,694,819
215	-99.29348448180347	22.994204485189616	0	357,525,564,681,811,853
216	-100.03561478534311	23.32727335570857	1	90,475,512,564,811,893
217	-98.5577807564501	22.65896110757281	0	267,357,399,536,752,853
218	-101.1927497182454	25.555156933255645	0	168,179,199,447,582,775
219	-96.73751307804419	19.352545692644426	0	95,144,386,460,655
220	-102.24362589192276	26.248172782027353	0	323,332,472,523,558,580
221	-98.24927205385202	21.53283400357507	0	119,156,329,359,488,531
222	-97.76758837025181	17.399086496163232	1	125,143,401,412,563,938
223	-110.93533862416537	28.816318729772306	0	163,387,503,560,804,943
224	-98.71221555276817	24.94704739271838	0	38,88,372,712,836,923
225	-93.73461479677236	16.918947140921794	0	49,494,572,577,653,834
226	-100.90628907148765	27.884578188307614	0	80,272,339,342,569,838
227	-109.06232287033701	26.72449091622395	0	67,421,481,597
228	-96.69967570467578	18.601562797548414	0	74,386,655,859,899,921
229	-97.70708970361756	24.237374948311285	0	473,615,809
230	-97.48530538068594	20.44038995151116	0	326,336,521,742,901,924
231	-103.92210791151612	25.72002789824942	1	195,280,373,444,544,850
232	-100.21948331417215	25.622236410843968	0	44,179,303,344,524,625
233	-89.62523517000284	19.661001685867056	0	15,75,337,539,743,793
234	-105.09111823660791	27.16249191141735	0	65,104,745,882,910,912
235	-101.05084374259718	26.72109026071675	0	11,183,256,388,608,904
236	-108.14461435123442	30.714252901709276	0	43,434,522,740,820,835
237	-101.86493223996779	19.72329336753809	1	275,302,309,456,538,546
238	-110.11805225674908	28.536824538309773	0	16,163,381,387,723,829
239	-102.37432256379955	25.07833579978026	0	270,579,598,666,675,703
240	-88.52327226302769	21.509267899253157	0	260,593,605
241	-108.7302768749958	29.486632100826313	0	9,103,405,498,587,604
242	-95.31829303462196	17.93913966422259	0	81,196,684,727,888,919
243	-104.6676009025225	29.907147103817554	0	311,335,769
244	-101.46889494242885	23.219887190980767	1	47,153,424,533,716,807
245	-100.08909473241539	17.970098604141516	0	105,109,147,200,435,925
246	-101.53433678692578	21.28838475209369	1	197,262,369,489,822,858
247	-90.7097372081971	19.264208851826826	0	40,166,469,595
248	-88.11802951302033	20.053863085209684	0	85,334,429,476,678,895
249	-107.119821228854	30.82599200201383	0	68,209,522,644,874,915
250	-100.8069408812585	18.288532012589897	0	105,147,314,325,347,629
251	-94.40460198375942	17.249903794012624	0	52,118,152,577,653,930
252	-100.14744752527241	18.725037095230118	0	109,147,437,554,629,719
253	-102.07789959264478	22.012447526940704	1	35,413,750,767,813,822
254	-99.0776054022953	19.950869719035452	1	189,282,479,638,830,900
255	-101.12450327633047	24.788969359234475	1	39,257,341,582,650,775
256	-100.77178205093628	26.35508261594649	0	121,199,235,303,388,608
257	-101.60892260784017	24.752503239636912	1	255,492,598,650,666,775
258	-112.21773559471342	30.18759862516323	0	114,294,599,606,609,908
259	-89.63456312256112	18.200576556109045	0	510,552,761,879,898,928
260	-88.74531550624674	21.141029819077037	0	240,321,605,607,734
261	-106.46892751322292	24.29921204634456	0	77,117,157,448,805,939
262	-101.26523051238964	20.92659079788888	1	197,246,306,489,514,601
263	-114.90007225376155	29.380147399368717	0	422,431,627,691
264	-103.14545690934133	25.400916568878518	0	195,291,444,537,675,703
265	-103.18741561573017	18.832067502491377	0	2,7,133,656,872,947
266	-103.89640665431733	21.07258640758573	0	69,349,652,663,789,884
267	-98.08678374956493	22.687967576279842	0	217,351,399,575,752
268	-99.97583593356654	22.563242521404547	0	305,564,566,681,796,893
269	-116.55736070512995	32.183159725433946	0	30,390,737
270	-102.16826071543315	25.4813835189523	1	168,239,332,472,666,675
271	-100.00421112931366	19.880092654167473	1	557,682,751,832,870,900
272	-101.40275021714176	27.851593328319762	0	22,80,226,491,838,847
273	-91.7744906908452	16.65592756376913	0	10,391,402,715,735,779
274	-106.28281650291837	26.654421420531794	1	107,317,640,646,776,861
275	-102.1337498020602	20.08288774426154	1	237,285,456,546,603,693
276	-105.88677419396176	27.4721107469776	1	102,107,513,741,882,910
277	-99.57883925914653	26.814230738758436	0	213,574,762,843
278	-109.86312455992179	23.88829609409966	0	292,430,641,873
279	-91.79032721470777	18.121102802480404	0	288,415,680,869,905
280	-104.12377305296734	25.313771929027027	1	66,231,403,444,544,724
281	-99.63810936411723	27.577621389726634	0	106,574
282	-99.33610603817908	20.31293735343052	1	254,352,638,661,832,900
283	-104.00889746476295	26.487436413839042	0	205,373,400,636,810,850
284	-104.93204333100967	21.742135679982745	0	84,380,392,705,798,918
285	-101.93506274150408	20.48482103979087	1	275,308,489,514,546,603
286	-101.13352919095676	19.404660952178762	1	309,315,538,701,799,818
287	-103.5040012777118	21.88365819423983	1	4,96,496,789,803,855
288	-91.56955920367328	17.76326121099906	0	53,63,279,634,680,905
289	-109.86588311392535	27.011973408996642	0	421,668,754
290	-105.02237247084061	22.508586440149315	0	392,528,534,568,705,768
291	-102.94092498748635	25.80531208484246	0	45,195,264,472,580,675
292	-110.16616722488041	24.238591332311092	0	278,578,873
293	-109.48569211060249	30.9414149955045	0	376,657,856,878,929
294	-112.39862808332833	29.77353761000005	0	174,258,599,606
295	-98.51698267387545	18.47410629832687	0	20,24,345,550,612,817
296	-98.10742168418297	19.261086125252508	1	24,134,420,562,624,932
297	-99.18422513780614	21.469864947427876	0	165,169,192,356,488,731
298	-87.25015163093084	20.788042978886853	0	55,442,545,812
299	-111.01833979045804	30.743047745014298	0	23,135,340,383,690,801
300	-100.06291344147367	20.6399431175275	1	182,352,396,832,870,881
301	-92.45085300523665	18.461097958935813	0	415,651,714,869
302	-102.06262335416409	19.322117500711734	0	237,309,456,571,617,854
303	-100.49466437942822	25.988779164701334	0	121,179,199,232,256,524
304	-96.00563364436859	18.27061592957696	0	74,398,684,888,899,922
305	-99.71013603233908	22.198564153499515	0	3,192,268,566,628,681
306	-100.99790005401017	20.565026450945506	1	154,182,262,514,601,842
307	-104.66750566420156	19.450259839114192	0	187,358,596
308	-102.20573878007936	20.84540582999101	1	186,285,489,553,603,858
309	-101.5978478945626	19.36400906718421	1	237,286,302,538,799,854
310	-104.2842264507406	20.261307603388584	1	187,350,379,652,747,785
311	-104.96988483401209	30.26517469454118	0	243,726,769,772
312	-102.18796464969817	18.163204562319702	0	1,131,649,654
313	-106.59444945467045	28.95019865622908	1	34,41,91,455,748,788
314	-101.06885776898851	18.646577465152518	0	250,315,325,453,629,799
315	-100.86983130345074	19.045312952584535	0	286,314,629,719,799,818
316	-107.95902432405288	26.078434068115605	0	56,193,210,364,708,931
317	-106.58239854547634	27.011450166742268	1	102,107,207,274,591,646
318	-90.49186755221116	18.171858453791234	0	354,658,898,927,992,995
319	-101.05710672684819	24.022889082662694	1	341,353,378,424,590,650
320	-111.74759048268757	24.79971214824081	0	515,529,664,685
321	-88.9665353492873	20.772038725693335	0	51,181,260,451,607,734
322	-100.09613963196377	24.091965680119998	1	90,176,353,475,565,697
323	-102.03526008393528	26.650227649119593	0	220,443,523,558,794,904
324	-99.34913457875516	23.757706369554963	0	90,176,397,525,643,811
325	-101.26681076689816	18.247917469694713	0	250,314,347,407,453,649
326	-97.73815118780388	20.804093488152013	0	119,230,505,622,901,924
327	-112.78963417762857	27.770411025806307	0	202,474,759,828
328	-88.56746509237182	18.5931478296716	0	417,452,485,711
329	-98.03950538079904	21.92751417073918	0	156,221,531,575,752
330	-110.8031831699894	28.056194811053278	0	163,723,804,857
331	-98.01652996271017	25.367710318159975	0	38,427,695,821,845,923
332	-101.96098838634936	25.883802393966953	0	168,220,270,447,472,523
333	-90.05586748175513	20.38500682092661	0	337,490,660,700,792
334	-88.32542686418077	20.415273371597184	0	85,181,248,406,607,678
335	-104.87407441076647	29.503502651682542	0	184,243,769,892,911
336	-97.02492951499177	20.469027935139607	0	230,742,766,901
337	-89.83969292970907	20.022524719198664	0	233,333,490,539,792,793
338	-98.76499648611467	25.7103410376797	0	38,73,584,586,821,836
339	-100.69164659221158	28.282097545436933	0	80,203,226,342
340	-110.50829706733074	30.811156598549065	0	135,161,299,376,383,393
341	-100.84946336704598	24.423639135194602	1	39,255,319,353,565,650
342	-100.41045310117028	27.915727592345768	0	106,226,339,569
343	-104.68611349160291	27.975271656179245	0	65,94,172,635,764,840
344	-99.94623118717976	25.255510631409308	0	33,44,232,487,625,942
345	-98.9735314695969	18.43932744640134	0	20,136,295,806,817,913
346	-106.97260266195785	26.19097529276926	1	364,551,640,646,753,944
347	-101.00495406293024	17.890761967728864	1	70,105,250,325,407,920
348	-100.75901274215056	29.044650535473313	0	203,214,819
349	-103.61924188336425	20.713561717108547	1	128,266,350,454,652,663
350	-103.81392971390008	20.30862235603689	1	128,310,349,652,659,785
351	-97.87475499812312	23.08232686755604	0	267,399,897
352	-99.59638909481032	20.675416209585567	1	169,282,300,396,661,832
353	-100.57630667993956	24.058209388458703	1	319,322,341,475,565,590
354	-90.27646093403368	18.544836440998658	0	50,318,595,898,927,928
355	-104.2365313935636	24.13909691651528	1	180,559,592,614,631,756
356	-98.97650664762571	21.866627392195525	0	156,192,297,488,536,628
357	-98.81969772429686	23.025052963472803	0	93,215,217,399,525,853
358	-104.19991430802877	19.498886278907744	0	92,187,307,785,851
359	-98.45796258477533	21.13777638230176	0	119,221,425,488,622,731
360	-106.08148665668911	25.11959077156679	1	6,140,414,448,497,542
361	-107.18701039321702	27.72321413911078	1	61,207,428,457,618,755
362	-102.89514737148583	27.741608555083367	0	120,375,394,395,648,814
363	-108.18564414803049	27.60962654673576	1	57,100,428,471,852,941
364	-107.46599128365192	26.135550990262676	0	56,210,316,346,551,753
365	-110.56415701622441	29.64288640235676	0	206,385,503,507,541,567
366	-112.50606506483919	31.69033162110862	0	132,543,721
367	-105.88766129283168	29.408218815787134	0	34,188,780,788,911,933
368	-103.97982463708847	28.42438931421145	0	32,62,138,556,764,840
369	-101.33228890191492	21.689906411330206	1	25,197,246,689,813,822
370	-92.4041284267919	15.528920464697496	1	101,142,610,720,725,981
371	-103.30968320757424	26.935134264581784	0	395,418,636,669,790,810
372	-98.92566293667196	24.551258385906515	0	88,224,643,707,712,758
373	-103.71920869993227	26.12571016002813	0	45,195,231,283,810,850
374	-112.01778727696994	26.323992208115413	0	5,127,440
375	-103.39336966840415	27.70126973219022	0	362,394,395,556,669,926
376	-109.99738809733697	30.877284810256032	0	161,293,340,393,856,929
377	-107.7988820751445	28.431545478673996	1	112,457,570,800,852,891
378	-101.53847318964357	23.986003986250072	1	71,319,424,492,533,650
379	-104.75462881178761	20.21269804500715	0	187,310,588,596,747,774
380	-105.40818250310048	21.692158328312395	0	84,284,705
381	-109.93058286976465	28.94977325141211	0	151,238,385,387,829,914
382	-96.17892391694181	17.137588978231648	1	141,441,519,530,863,935
383	-110.69658835398083	30.399761678991823	0	206,299,340,393,567,690
384	-87.70825311401202	19.334181128029098	0	129,446,895
385	-110.24650485047916	29.29693331091851	0	151,365,381,387,503,507
386	-96.49179838188705	18.99118209081564	0	219,228,600,655,899
387	-110.43337442668215	28.88396543197591	0	163,223,238,381,385,503
388	-100.55948853135612	26.75388854781537	0	121,148,183,235,256,843
389	-104.70404660749955	26.035455390114784	1	400,486,544,702,704,850
390	-116.0518734351844	32.27305347562899	0	30,269,613,687
391	-91.56290795731734	17.03131587429373	0	10,63,273,634,715,952
392	-104.7382798633389	22.149711130028948	0	164,284,290,568,705,798
393	-110.18765757635063	30.46661791497418	0	178,340,376,383,567,856
394	-103.18566360678473	28.104316317703724	0	32,362,375,556,686,814
395	-103.10304462424604	27.3387671667898	0	362,371,375,418,648,669
396	-99.85846221727635	21.038254828443314	1	165,169,300,352,518,881
397	-98.87235037783319	23.78789271857585	0	18,93,324,525,643,707
398	-96.21317842345907	17.882767431932308	0	74,304,519,684,894,935
399	-98.34676725031365	23.054425768142213	0	93,217,267,351,357,897
400	-104.50288313186334	26.442361361812296	0	205,283,389,704,745,850
401	-97.56358187493835	17.78989725609964	1	37,125,222,409,450,563
402	-91.98522202278356	16.28036716847083	1	273,581,610,735,779,985
403	-104.32421039816263	24.90699737353552	1	66,280,559,631,724,763
404	-112.82216384491129	26.594652980160042	0	440,466
405	-108.53640083796041	29.89668502757417	1	9,185,241,587,781,820
406	-88.10442230504815	20.78221105635697	0	85,334,605,607,645,812
407	-101.46369427141305	17.849385956047538	0	325,347,649,920
408	-111.75549659063007	29.09037211268386	0	174,175,509,560,943
409	-97.8115583894733	18.148454646071308	1	37,54,401,550,563,612
410	-92.43896617442756	17.72393304146938	0	98,415,651,826,860,905
411	-88.76502955047665	19.67934713978266	0	426,476,626,678,743,771
412	-98.21875560390401	17.364989490227188	1	97,143,222,502,563,866
413	-102.55294231644002	21.970939949220448	1	35,253,496,589,639,767
414	-106.57072388635417	25.066939834616644	1	42,140,360,448,802,805
415	-92.22632256524156	18.10210130320362	0	279,301,410,651,869,905
416	-104.0689406376877	29.188384317986714	0	62,138,892
417	-88.77471218111643	18.951251876382774	0	328,423,426,452,626,711
418	-102.81464883338016	26.975712130690464	0	371,395,443,558,648,790
419	-114.70056803423664	32.11861899161767	0	212,482,506,642,868
420	-97.85605533876007	18.90030729076597	1	24,54,173,296,550,624
421	-109.37023782585077	27.075634592076664	0	67,227,289,668,877
422	-114.40249159193188	29.4623822833472	0	263,431,677,691
423	-89.20141231459904	18.940993032562904	0	75,417,510,626,711,936
424	-101.26358241709048	23.621620311427957	1	244,319,378,533,590,716
425	-98.6655797393774	20.742394371950073	0	359,463,622,638,661,731
426	-88.55661033854187	19.319383780759274	0	129,411,417,452,476,626
427	-97.53643439594725	25.391690490516023	0	331,611,695,845
428	-107.68652627053352	27.667321961630506	1	57,361,363,457,618,852
429	-87.69236437769366	20.0590400717904	0	85,248,545,895
430	-109.56168347465355	23.537367951117652	0	278,641,729
431	-114.72964003881167	29.79660538729535	0	263,422,627,777
432	-109.5516855987642	29.773636953537935	0	151,178,498,507,587,886
433	-99.52032063889125	26.050270088162787	0	44,73,213,524,584,762
434	-108.46025966582168	31.06361756082486	0	43,236,740,878
435	-99.63209040398519	18.00805530908682	0	26,109,136,200,245,806
436	-101.83657445464192	29.742084246508966	0	620,694,907
437	-99.94621313698913	19.122113384820388	1	252,554,561,682,719,751
438	-107.73794039340477	24.544664345850823	0	83,583,916
439	-113.92562225098631	28.37290599493465	0	99,201,616,749,909
440	-112.33189763447666	26.66832245136422	0	79,374,404,466
441	-96.38435705795266	16.75059322760508	1	29,382,530,688,717,863
442	-87.0278871779648	21.151403519688735	0	55,298
443	-102.31995078538783	27.014507175329452	0	323,418,558,648,794,875
444	-103.6345104909863	25.358177362697866	0	66,195,231,264,280,537
445	-104.1499306740383	23.371425726670775	1	116,602,614,647,756,815
446	-87.92689489847369	18.968735334443494	0	129,384,452
447	-101.47166564154331	25.920495734272546	0	168,199,218,332,523,608
448	-106.2758217403082	24.70957556806325	0	261,360,414,497,805,939
449	-114.8874213961705	30.545070553796705	0	160,672,777
450	-97.11243941195707	17.8219662845448	1	37,125,401,484,859,894
451	-89.1869298052931	20.402339886376126	0	51,181,321,539,771,792
452	-88.34986157175912	18.960495365197456	0	129,328,417,426,446
453	-101.53037097719672	18.6055621464015	0	314,325,649,654,799,854
454	-103.14779308989966	20.758847084127137	1	123,128,349,465,553,663
455	-107.0991536381455	28.89679309782951	1	41,313,710,748,800,891
456	-102.33132567526616	19.68092583167029	1	237,275,302,571,633,693
457	-107.49203925150574	28.07783686923701	1	61,361,377,428,800,852
458	-103.46825601734866	23.822831251575785	1	115,180,647,756,896,946
459	-93.31432605219723	17.680452307125776	0	12,98,494,696,784,841
460	-96.5284752284614	19.742800741698897	0	95,219,766
461	-115.88495114791681	31.533039024331725	0	13,30,122,124,687,730
462	-109.30394879840345	28.252046699328467	0	16,58,190,520,829,862
463	-98.40896099899139	20.379249622946578	1	425,479,622,638,692,924
464	-103.26514053690394	19.592410683106895	0	7,633,659,844,851,872
465	-102.8739061930796	20.399343502150636	1	128,454,553,603,693,844
466	-112.64756350078642	27.011584724906584	0	79,404,440,474,759
467	-113.45667417499186	27.27760302446202	0	171,202,474,585,637
468	-106.70099122201633	29.712619188653687	1	14,34,126,150,188,748
469	-90.92598079519021	18.88957880371507	0	247,595,883,927
470	-89.61568484691561	21.129159056780065	0	51,700,734,846
471	-108.68428885485629	27.550140167425248	0	58,67,100,363,877,941
472	-102.45076517889595	25.84540754286334	0	220,270,291,332,580,675
473	-98.18311341259918	24.211396729509346	0	18,229,615,707,712,809
474	-112.9647771552362	27.353726225174675	0	202,327,466,467,759
475	-100.30502622848508	23.692735715094383	1	90,216,322,353,512,590
476	-88.33771635064996	19.68693642131987	0	129,248,411,426,678,895
477	-101.9748202501144	28.5810202269517	0	22,82,89,170,699,765
478	-102.90669843753986	23.098914364122475	1	139,145,177,630,945,946
479	-98.61544867395503	19.984352491061355	1	134,254,463,638,692,830
480	-110.95554419667062	24.521365061548185	0	515,529,578,744
481	-108.75611896977256	26.372473020761518	0	86,227,597,708,931
482	-114.19078255867834	32.20132722202583	0	212,419,782
483	-98.87191389440184	16.937283867894266	0	97,502,623,808,864
484	-96.86803168641448	17.464007185905185	1	125,450,530,894,902,935
485	-88.78428401187894	18.225292443698166	0	328,552,711
486	-105.19658257776321	25.987757074134933	1	389,540,702,704,816,848
487	-100.15742438835815	24.857045121810472	1	33,39,344,565,625,697
488	-98.7163240626706	21.5020352417849	0	156,221,297,356,359,731
489	-101.73525991151064	20.886671489563405	1	246,262,285,308,514,858
490	-90.27467933482521	20.011970003940558	0	40,333,337,793
491	-101.61482750876142	27.451991215720682	0	11,272,794,838,847,875
492	-101.8152229325766	24.35028844031908	1	36,71,257,378,598,650
493	-92.84744822598226	16.233918768287072	0	581,720,757,783,827,837
494	-93.52492317357643	17.299776913773417	0	12,225,459,577,696,834
495	-105.00985912830815	24.452006688688268	1	130,501,592,631,763,889
496	-103.02833125625993	21.9280089626909	1	96,287,413,589,639,855
497	-105.78800478341569	24.761354890444956	1	360,448,501,542,889,939
498	-109.23636287210698	29.425301989743765	0	103,151,241,432,587,914
499	-95.28939581301154	17.195853017488307	0	59,141,152,196,727,839
500	-100.92480129850006	22.492157113175338	1	47,155,674,679,689,796
501	-105.49630035762888	24.4026594589493	1	130,495,497,535,889,939
502	-98.42084131784773	16.97333569454905	0	97,143,412,483,549,623
503	-110.75040745159156	29.229929856486677	0	223,365,385,387,541,560
504	-114.26757616972301	27.538290965373065	0	171,585,616
505	-97.52858020702618	21.197399351637113	0	119,326,531,901
506	-114.87451775572549	31.705156277203688	0	212,419,642,730,733
507	-110.05831184713897	29.709216470772798	0	151,178,365,385,432,567
508	-111.88187835597289	25.56219097355058	0	127,664,685,770
509	-111.57319749834798	29.5045682304412	0	174,408,541,560,599,632
510	-89.41839275003608	18.57101969805308	0	259,423,552,711,928,936
511	-105.98749649830961	28.237562168034895	1	91,146,513,619,739,741
512	-100.51276265441375	23.29298823473957	1	216,475,590,679,716,893
513	-105.68683148980529	27.879964473836225	0	94,146,276,511,741,882
514	-101.46624020080105	20.52558407791172	1	154,262,285,306,489,546
515	-111.26276119943286	24.86914635886795	0	162,320,480,529,685,744
516	-100.59241716693062	21.36510518866812	1	25,197,518,601,673,881
517	-97.44255211349048	19.685099694335502	1	95,144,521,624,742,932
518	-100.12233285659524	21.40140114241312	1	3,165,396,516,673,881
519	-95.97252649773552	17.524576536248798	0	141,382,398,684,727,935
520	-108.80280741589486	28.313716482688005	1	58,100,462,570,787,862
521	-97.69371738630522	20.04751409071913	0	230,517,692,742,924,932
522	-107.63242301680744	30.771139673252645	1	43,236,249,644,835,874
523	-101.7525003515031	26.285538213448902	0	220,323,332,447,608,904
524	-100.0071257030833	26.020372322853433	0	44,121,213,232,303,433
525	-99.08347943701888	23.391319358073954	0	93,215,324,357,397,811
526	-104.91821903954711	23.684116040472702	1	116,130,592,614,917,937
527	-111.6670379043762	31.42538844170317	0	23,721,791
528	-104.82769927679122	22.916590640756397	1	116,290,534,568,815,937
529	-111.43943694140651	24.453030945629713	0	320,480,515
530	-96.62534070426538	17.10686805046866	1	382,441,484,688,902,935
531	-97.78312869296637	21.56226430664576	0	119,221,329,505
532	-103.58557392223251	22.6499086633109	1	4,96,602,630,786,945
533	-101.74369521560446	23.583756235090263	1	71,244,378,424,662,807
534	-105.30820270042733	22.8672862667465	0	290,528,548,768,825,937
535	-105.69129767883533	23.99344510695624	1	117,130,167,501,917,939
536	-98.76769288557853	22.263010570027006	0	156,217,356,628,752,853
537	-103.34876864074276	24.99594674920703	1	48,66,208,264,444,703
538	-101.3989632990427	19.7643961328201	1	154,237,286,309,546,701
539	-89.40649699990662	20.03197890354477	0	233,337,451,743,771,792
540	-105.68909953039383	25.93835292704595	1	6,159,486,816,848,861
541	-111.06914449058625	29.57466556400811	0	206,365,503,509,560,632
542	-105.5921015734344	25.170607258487724	1	6,360,497,795,848,889
543	-112.68815364197127	31.278063785062077	0	76,132,366,721,833
544	-104.41298753534906	25.674845921706694	1	231,280,389,702,724,850
545	-87.47164535619186	20.423907519745413	0	85,298,429,812
546	-101.66613932583478	20.124466892093	1	154,237,275,285,514,538
547	-107.84780270914989	25.31173016692405	0	56,83,191,193,824,916
548	-105.59577218626255	23.225754813955227	0	108,167,534,825,917,937
549	-98.17260360460065	16.617646755030353	0	17,143,211,502,623
550	-98.06126782612712	18.507717627678446	1	24,54,295,409,420,612
551	-107.2731981462866	26.546807319301077	1	210,346,364,591,646,823
552	-89.20852743197196	18.21342971889953	0	259,485,510,711,761
553	-102.67660423722	20.802796535447165	1	123,186,308,454,465,603
554	-99.68766744331518	18.7624780461137	1	109,252,437,561,806,913
555	-113.34743142005102	31.949019194346867	0	28,132,782
556	-103.68562833200265	28.06316278252477	0	32,368,375,394,764,926
557	-100.46854237677441	19.842797383350206	1	271,682,701,818,842,870
558	-102.52817759649318	26.61216166806433	0	220,323,418,443,580,790
559	-104.03707187417508	24.54591164824004	1	48,66,180,355,403,631
560	-111.25342970502564	29.16106985270524	0	223,408,503,509,541,943
561	-99.4853728135253	19.158685143769453	1	189,437,554,683,751,913
562	-98.56591989104267	19.228170729619237	1	24,134,296,683,817,830
563	-98.0156620998461	17.75671298642252	1	222,401,409,412,612,866
564	-99.76806489185462	22.961877158685557	0	215,216,268,681,811,893
565	-100.3674481895973	24.45792681965826	1	39,322,341,353,487,697
566	-100.18248246592015	22.164199640708144	0	3,155,268,305,673,796
567	-110.37657713219303	30.055133828091144	0	178,206,365,383,393,507
568	-104.54334400472781	22.557154933626254	1	164,290,392,528,786,815
569	-100.62514396284726	27.518419403915686	0	106,148,183,226,342,838
570	-108.3010931501825	28.373553928987594	1	100,112,377,520,787,852
571	-102.52779499779957	19.278989379908833	0	7,302,456,617,633,656
572	-93.94340116863809	16.538012052454988	0	49,204,225,653,887
573	-99.57717078970228	17.256141797834673	0	26,200,665,808,864,867
574	-99.8540577062487	27.181737460746962	0	106,148,277,281,843
575	-97.82865988659916	22.321763918291172	0	267,329,752
576	-94.42818459739546	17.99111496619143	0	52,118,594,919
577	-93.96409994364247	17.27536003067742	0	12,118,225,251,494,653
578	-110.6498959724753	24.172817128956623	0	292,480,873
579	-102.57917922089207	24.67471371656313	1	31,36,208,239,598,703
580	-102.7351671168872	26.209078595570485	0	45,220,291,472,558,790
581	-92.41560626142099	16.25762048633798	0	402,493,610,720,779,827
582	-100.91574606698506	25.189578348018202	1	39,179,218,255,625,775
583	-107.2508599389031	24.601220163338155	0	77,438,802,805,916
584	-99.24901315379145	25.682636785488096	0	44,73,338,433,836,942
585	-113.94732891047948	27.199851982987283	0	171,467,504,637
586	-98.54918448794142	26.10499604312672	0	73,338,821
587	-109.04435585038217	29.83613153757089	0	241,405,432,498,781,886
588	-105.22507340752254	20.16280059174866	0	379,596,774
589	-102.82906086991802	22.332518068539997	1	35,96,177,413,496,945
590	-100.7840040270484	23.657946741269743	1	319,353,424,475,512,716
591	-107.07913594306204	26.957553234206117	1	207,317,551,618,646,823
592	-104.72142701280548	24.09211390712424	1	130,355,495,526,614,631
593	-88.09065527315481	21.5121015471876	0	240,605,645
594	-93.9850434940335	18.015466070937695	0	12,118,576,784
595	-90.49224899331311	18.90401085485592	0	50,166,247,354,469,927
596	-104.94545547842435	19.80647841539361	0	187,307,379,588
597	-108.5672381794285	26.78535354345742	0	64,67,227,481,931,941
598	-102.09383752276273	24.714417771191723	1	36,239,257,492,579,666
599	-111.89463521857537	29.84676168323886	0	114,174,258,294,509,632
600	-96.03913716395734	19.019107253546967	0	386,899,922
601	-100.79571310162459	20.965161798474405	1	182,197,262,306,516,881
602	-103.86686132904248	23.010742815208896	1	445,532,630,647,786,815
603	-102.40430555743595	20.442739783969927	1	275,285,308,465,553,693
604	-108.41800308560728	29.135998202564206	1	9,103,112,241,787,876
605	-88.3129906051	21.145272489363606	0	240,260,406,593,607,645
606	-112.72264826497083	30.11307935333647	0	258,294,908
607	-88.53451622041632	20.77767342074734	0	181,260,321,334,406,605
608	-101.26186203417566	26.32117459222216	0	199,235,256,447,523,904
609	-112.03551373174108	30.60096331078115	0	114,258,791,801,833,908
610	-92.19510141541053	15.90468228579651	0	370,402,581,720,981,985
611	-97.31861854503227	25.783533826148158	0	427,695
612	-98.26545740487465	18.11506852319621	0	20,295,409,550,563,866
613	-115.5446492094165	32.36105767143379	0	390,642,687,868
614	-104.43478499439911	23.73190147409049	1	116,355,445,526,592,756
615	-97.92142450906412	23.843685417287748	0	18,229,473,897
616	-114.09722858538959	27.95577902058342	0	171,201,439,504
617	-102.25921713555663	18.920993119705262	0	1,302,571,654,656,854
618	-107.3819333098722	27.312851756971302	1	57,207,361,428,591,823
619	-105.78660565982506	28.644819649261308	0	91,146,511,746,788,933
620	-102.0508538051288	29.343994110052858	0	89,436,694,709,765,907
621	-105.58037110940833	30.97824133275072	0	19,194,772
622	-98.20141355724108	20.773902583406386	0	119,326,359,425,463,924
623	-98.62192173424859	16.58180293129637	0	483,502,549
624	-97.64981754105152	19.292785383337595	1	144,173,296,420,517,932
625	-100.430655980841	25.22336661030082	1	39,179,232,344,487,582
626	-88.98362491360506	19.31045130547891	0	75,411,417,423,426,743
627	-115.22786534928494	29.713010119007606	0	263,431,676,777
628	-99.23851881840332	22.231500469001354	0	192,305,356,536,681,853
629	-100.60786371851228	18.68640311765948	0	147,250,252,314,315,719
630	-103.38666182174235	23.055578624743884	1	478,532,602,647,945,946
631	-104.52342626501704	24.499759544451504	1	355,403,495,559,592,763
632	-111.38957871946806	29.918115752728912	0	114,206,509,541,599,690
633	-102.79808230397987	19.63729690586585	0	7,456,464,571,693,844
634	-91.78236413023299	17.38717142397462	0	10,63,288,391,826,905
635	-104.98363470968368	28.334733901227562	0	21,94,146,343,746,840
636	-103.80498028225156	26.892775726577913	0	205,283,371,669,670,810
637	-113.62856384581431	26.8601993446233	0	467,585
638	-98.87212636783443	20.346741099970842	1	254,282,425,463,479,661
639	-102.75236843142304	21.567053775242787	1	123,186,413,496,767,855
640	-106.47893131214717	26.2446960820957	1	159,274,346,646,861,944
641	-110.04332655412266	23.473640778296286	0	278,430,729,873
642	-115.20881859793876	32.03397335645296	0	419,506,613,687,730,868
643	-99.13796815854661	24.15479370262361	0	176,324,372,397,707,758
644	-107.43264717638425	31.177648734980757	0	43,68,249,522,736,738
645	-87.88262089154397	21.148405700925142	0	55,406,593,605,812
646	-106.77813510230236	26.601482558931366	1	274,317,346,551,591,640
647	-103.66815231876302	23.41695024522609	1	445,458,602,630,756,946
648	-102.60657810254607	27.37831982194913	1	120,362,395,418,443,875
649	-101.72717160259245	18.206140616780253	0	312,325,407,453,654
650	-101.33207744187632	24.38775983517182	1	255,257,319,341,378,492
651	-92.66383570181975	18.08204433633129	0	98,301,410,415,714,841
652	-104.09088695210455	20.666945438128554	0	69,266,310,349,350,747
653	-94.17315534383135	16.893452328651158	0	204,225,251,572,577,930
654	-101.99234424199054	18.56335983006574	0	1,312,453,617,649,854
655	-96.94554076381192	18.96207606511489	0	144,173,219,228,386,921
656	-102.72316245862827	18.877132278331757	0	1,7,265,571,617,947
657	-109.16744111464835	30.594424949263143	0	293,740,781,856,878,886
658	-90.92305960763477	18.155973019185232	0	53,318,680,883,927,995
659	-103.53868197301541	19.95042628484508	1	128,350,464,785,844,851
660	-90.27377329503699	20.748406853995156	0	333,700,846
661	-99.1305912870728	20.709566222994074	1	169,282,352,425,638,731
662	-102.22427579194463	23.544355192772365	1	71,139,145,533,667,807
663	-103.42341644631885	21.118475827147318	1	123,266,349,454,789,855
664	-112.0572821738656	25.145549423910204	0	320,508,685
665	-99.77632168428534	16.861976300187408	0	573,864,867
666	-101.88764839841711	25.117063239418354	1	168,239,257,270,598,775
667	-102.50263670242624	23.90754074524807	1	31,36,71,139,662,896
668	-109.67986028466767	27.425848822930092	0	137,190,289,421,754,877
669	-103.59980646398677	27.29740491072792	0	371,375,395,636,670,926
670	-104.09678914910617	27.254235658742072	1	172,205,636,669,912,926
671	-103.26934839911154	28.86871125026648	0	32,138,686,940
672	-115.2184363967899	30.876038006770596	0	122,160,449,733,797
673	-100.38800826137211	21.764802506553107	1	3,25,155,516,518,566
674	-101.40017200700692	22.45442958924294	1	47,153,500,689,750,813
675	-102.65668337620593	25.441986109316566	0	239,264,270,291,472,703
676	-115.55712765378429	30.044350049114552	0	160,627,777
677	-114.07685538170438	29.126702546287525	0	99,422,691,749
678	-88.54562953303714	20.04763573112582	0	181,248,334,411,476,771
679	-100.71935296711347	22.892777296482876	1	47,500,512,716,796,893
680	-91.35589339402641	18.139057695409527	0	53,279,288,658,883
681	-99.50236886736931	22.596601544191753	0	215,268,305,564,628,853
682	-100.2065024992413	19.482236637285368	1	271,437,557,719,751,818
683	-99.02525590012537	19.194037439484006	1	189,561,562,817,830,913
684	-95.76516338904668	17.911505364584382	0	242,304,398,519,727,888
685	-111.57154128989043	25.216106436059295	0	162,320,508,515,664,770
686	-102.97668204627736	28.506491191026562	0	32,170,394,671,814,940
687	-115.71546156091686	31.947418016176478	0	30,390,461,613,642,730
688	-96.82996137300583	16.71891874905935	1	29,72,78,441,530,902
689	-101.1291118523935	22.09118201502436	1	25,155,369,500,674,813
690	-111.20462968829027	30.330960283594003	0	114,206,299,383,632,801
691	-114.57375986760835	29.04580982985957	0	263,422,677,749
692	-98.15413355505233	20.016566551098254	1	134,463,479,521,924,932
693	-102.6017517958016	20.040018705147826	1	275,456,465,603,633,844
694	-101.54730386417634	29.37802421174347	0	89,214,436,620,819
695	-97.79973361100647	25.760783128769624	0	331,427,611,821
696	-93.08711706865557	17.3231600933624	0	98,113,459,494,834,860
697	-99.8860988847269	24.49062426561653	1	33,176,322,487,565,758
698	-107.71646511699313	29.603518459251582	1	9,150,185,710,778,876
699	-102.186669506478	28.18102695470291	0	22,120,170,477,814,847
700	-89.83620215522627	20.757418672039186	0	51,333,470,660,792,846
701	-100.93347981740276	19.804231458156714	1	154,286,538,557,818,842
702	-104.90396331746189	25.62797684500069	1	389,486,544,724,795,848
703	-102.86138597752858	25.037962946503285	1	208,239,264,537,579,675
704	-104.99695280780475	26.395543464649418	1	104,389,400,486,745,816
705	-105.21586476641036	22.10042383058847	0	284,290,380,392,768
706	-97.4793706988416	16.297417062041344	0	17,72,78,158,211
707	-98.66009403514538	24.183871333755135	0	18,372,397,473,643,712
708	-108.45162924552376	26.019636407303214	0	86,193,316,481,722,931
709	-102.55486922168127	29.30801470523071	0	620,765,907,940
710	-107.40688223959827	29.250669819548584	1	150,455,698,748,876,891
711	-88.99201850311294	18.58258531501969	0	328,417,423,485,510,552
712	-98.44670722861123	24.579202218822733	0	224,372,473,707,809,923
713	-93.48892682291333	15.83032599310348	0	757,837,887
714	-92.89041480780358	18.44114355240344	0	301,651,841,885
715	-91.34511973161666	16.676585975217847	0	111,198,273,391,735,952
716	-100.99054447443551	23.257193003277443	1	47,244,424,512,590,679
717	-96.14507123021188	16.39522620200694	1	8,29,441,760,863,871
718	-104.84280181177117	20.976747600378914	0	69,84,747,773,774,918
719	-100.40771882108994	19.08432236503926	0	252,315,437,629,682,818
720	-92.62496221483008	15.880836489036385	0	101,370,493,581,610,757
721	-112.17816323314828	31.352712680183277	0	366,527,543,791,833
722	-108.63973623717594	25.6065867551924	0	86,191,193,708
723	-110.30421130581973	28.123269673518042	0	16,137,163,238,330,857
724	-104.61317334452414	25.267704680548366	1	280,403,544,702,763,795
725	-92.6123027093304	15.153129174129749	0	101,142,370,865
726	-105.47998608660558	30.21853708966826	0	19,311,769,772,780,849
727	-95.52642089620517	17.553236427278193	0	141,196,242,499,519,684
728	-98.9224210642292	17.686993357774153	1	20,26,97,136,808,866
729	-109.74241469143968	23.12312248728602	0	430,641
730	-115.38054498854558	31.620033590708633	0	122,461,506,642,687,733
731	-98.92399832642074	21.105949969523795	0	169,297,359,425,488,661
732	-100.4863284473768	17.17811596365227	0	70,867,925
733	-115.04713650322145	31.290944990468812	0	122,506,672,730
734	-89.17955938981372	21.135663344007412	0	51,260,321,470
735	-91.55633504775223	16.30216423927811	0	198,273,402,715,985,1005
736	-107.74738599366059	31.528081548440014	0	43,644,738
737	-116.8957422715996	32.50553005598708	0	269
738	-107.23150068981646	31.583141600035045	0	68,110,644,736
739	-106.48925424540286	28.186174205886566	1	41,61,91,511,741,755
740	-108.65631397852843	30.655343616537372	1	236,434,657,781,820,878
741	-106.18708706376673	27.82954499783265	1	102,276,511,513,739,755
742	-97.23425682096799	20.07719796698915	0	95,230,336,517,521,766
743	-89.19421499979421	19.67070819190608	0	75,233,411,539,626,771
744	-110.77703972403252	24.937062315717593	0	162,480,515
745	-104.79606692044725	26.80273046209183	1	104,205,234,400,704,912
746	-105.28306516691615	28.693416617106518	0	21,146,184,619,635,933
747	-104.5626644712472	20.61900401216779	1	69,310,379,652,718,774
748	-106.90073518829885	29.305124072449264	1	34,150,313,455,468,710
749	-114.24894067512737	28.71004656459715	0	99,439,677,691
750	-101.87604885869438	22.415246118044408	1	35,60,153,253,674,813
751	-99.74391367741036	19.519157642841677	1	189,271,437,561,682,900
752	-98.29771965996964	22.293097213133677	0	156,217,267,329,536,575
753	-107.16580908859456	25.779983988975843	0	42,56,346,364,824,944
754	-110.17663907515029	27.361073572664495	0	137,289,668,857
755	-106.68717204878605	27.777291865476567	1	61,102,207,361,739,741
756	-103.95144107465204	23.778141711513232	1	180,355,445,458,614,647
757	-93.05625229355128	15.856053282790944	0	101,493,713,720,837
758	-99.40548186691136	24.521733739252536	0	33,88,176,372,643,697
759	-112.47170590086911	27.42819902116674	0	79,327,466,474
760	-96.34938120655067	16.009289943718677	0	29,46,717,871
761	-89.4242371999385	17.843830906888833	0	259,552,879,957,997
762	-99.30559553238106	26.44645828650273	0	73,213,277,433
763	-104.81212835457278	24.86007311102872	1	403,495,631,724,795,889
764	-104.18580367171086	28.02014670329656	0	172,343,368,556,840,926
765	-102.26384379458186	28.944849791159903	0	89,170,477,620,709,940
766	-96.77580778595078	20.105621692424258	0	95,336,460,742
767	-102.27860584253843	21.609403232181926	1	186,253,413,639,822,858
768	-105.50140730165222	22.458565731000718	0	290,534,705,825
769	-105.17605406564252	29.861493908585242	0	243,311,335,726,780,911
770	-111.39426172738189	25.63234120616161	0	127,162,508,685
771	-88.975129729035	20.040344783595962	0	181,411,451,539,678,743
772	-105.27414089095642	30.622224695962704	0	19,311,621,726
773	-105.31607773748345	20.926811224098824	0	84,718,774
774	-105.03451050826945	20.569743962837112	0	379,588,718,747,773
775	-101.40143314384638	25.154144146520892	1	168,218,255,257,582,666
776	-105.78731622813143	26.705614460964835	1	104,107,274,816,861,910
777	-115.05828980009579	30.129323378699485	0	160,431,449,627,676
778	-107.5189308226002	30.011913640535706	1	14,150,185,698,835,874
779	-92.20538886211517	16.634303512318656	1	10,273,402,581,827,906
780	-105.6844901933115	29.813850423967	0	188,367,726,769,849,911
781	-108.85100949739875	30.24616381598961	1	405,587,657,740,820,886
782	-113.85788740179217	31.869675496750656	0	28,212,482,555
783	-93.07159541292327	16.58812842370648	0	49,113,493,827,834,837
784	-93.5432409765291	18.038733723360764	0	12,459,594,841,885
785	-104.00748536597067	19.903712391921687	0	187,310,350,358,659,851
786	-104.06438885758423	22.604264347725916	1	4,164,532,568,602,815
787	-108.61106453818404	28.72520520455579	1	103,112,520,570,604,862
788	-106.08950821696551	29.0016917747356	1	34,91,313,367,619,933
789	-103.7007799513294	21.478175657018372	1	266,287,663,803,855,884
790	-103.0214715553216	26.57233982132067	0	45,371,418,558,580,810
791	-111.85195151284633	31.01357776467545	0	23,527,609,721,801,833
792	-89.62048829573666	20.394230053402012	0	51,333,337,451,539,700
793	-90.05805554860098	19.65022196002983	0	15,40,166,233,337,490
794	-101.82566238883453	27.051518291014702	0	11,323,443,491,875,904
795	-105.10263999443953	25.21998100404345	1	542,702,724,763,848,889
796	-100.45000125585553	22.528428035978347	1	155,268,500,566,679,893
797	-115.7200471202587	30.790053873102828	0	122,124,160,672
798	-104.45592292184432	21.790715891288166	0	164,284,392,803,884,918
799	-101.33249155194797	19.005086686108708	0	286,309,314,315,453,854
800	-107.29625072063874	28.487678653778218	1	41,61,377,455,457,891
801	-111.52743785397446	30.6729767709708	0	23,114,299,609,690,791
802	-107.05974203391563	25.012663695995343	0	42,414,583,805,824,916
803	-103.97988701445024	21.837892085285002	1	4,164,287,789,798,884
804	-111.11896213905084	28.40210837662789	0	163,223,330,943
805	-106.76346362552256	24.656194102580244	0	77,261,414,448,583,802
806	-99.4308583789231	18.403380361800366	0	109,136,345,435,554,913
807	-101.94774828293174	23.18107117847121	1	60,145,153,244,533,662
808	-99.12360109618326	17.293517259579822	0	26,97,483,573,728,864
809	-97.96867916081946	24.60557010665707	0	229,473,712,845,923
810	-103.51506919112062	26.530763823178237	0	45,283,371,373,636,790
811	-99.55916564545109	23.360049680318973	1	90,215,216,324,525,564
812	-87.67629035354156	20.785661714887386	0	55,85,298,406,545,645
813	-101.6032679341265	22.05252888270063	1	253,369,674,689,750,822
814	-102.68598543804275	28.14360483393211	0	120,170,362,394,686,699
815	-104.3472296359553	22.96441163272967	1	116,445,528,568,602,786
816	-105.49103303307622	26.346988548008067	1	104,486,540,704,776,861
817	-98.77024614528624	18.8337787206206	1	24,295,345,562,683,913
818	-100.66972745644715	19.44407072266728	1	286,315,557,682,701,719
819	-101.26006452399874	29.01330281009112	0	82,89,203,214,348,694
820	-108.34118312871325	30.305909835610684	1	185,236,405,740,781,835
821	-98.2818813129724	25.73638782230886	0	38,331,338,586,695
822	-101.80522464016408	21.65035494755801	1	246,253,369,767,813,858
823	-107.57557107718684	26.90189728177437	1	57,64,210,551,591,618
824	-107.3577622594127	25.36856443640783	0	42,56,547,753,802,916
825	-105.7886723272588	22.8165057985504	0	108,534,548,768
826	-92.21579520801744	17.366850949715026	0	10,410,634,860,905,906
827	-92.63777056851112	16.61170565140997	0	113,493,581,779,783,906
828	-113.10912200830109	28.111418786997053	0	201,202,327,909
829	-109.61639747384032	28.601460258154777	0	16,238,381,462,862,914
830	-98.82087935619025	19.58926412682613	1	134,189,254,479,562,683
831	-90.70321194485562	16.342936103157232	0	111,198,950,975,1000,1001
832	-99.80084115603125	20.277837009729097	1	271,282,300,352,870,900
833	-112.3609995695703	30.940257072077436	0	76,543,609,721,791,908
834	-93.29741553724425	16.943427087288903	0	49,113,225,494,696,783
835	-107.83083736557255	30.363666892911024	1	185,236,522,778,820,874
836	-98.97964779175827	25.314877343819006	0	38,88,224,338,584,942
837	-93.28070317179962	16.209254799357186	0	49,493,713,757,783,887
838	-101.11969078920147	27.486110035731038	0	11,183,226,272,491,569
839	-95.49636603351483	16.81083001349989	0	8,59,141,499,863,880
840	-104.48168469249298	28.380503893852122	0	21,62,343,368,635,764
841	-93.10282328150828	18.060924220980098	0	98,459,651,714,784,885
842	-100.73233941580176	20.20374455196171	1	154,182,306,557,701,870
843	-100.06879687775132	26.78493426626518	0	121,148,213,277,388,574
844	-103.07008328220431	19.99586342540915	1	128,464,465,633,659,693
845	-97.75312039498266	24.999018700880615	0	331,427,809,923
846	-90.05365327187518	21.121503308758882	0	470,660,700
847	-101.89976304583969	27.816770737231185	0	22,120,272,491,699,875
848	-105.39496317401843	25.579426524338817	1	6,486,540,542,702,795
849	-105.9900220225107	30.169884612578066	0	19,27,126,188,726,780
850	-104.21156440297595	26.08144153063146	0	231,283,373,389,400,544
851	-103.73243854495742	19.54627196865725	1	92,358,464,659,785,872
852	-107.99291347582891	28.02090790931282	1	100,363,377,428,457,570
853	-99.02966302472598	22.628506882232283	0	215,217,357,536,628,681
854	-101.79564010881316	18.963645778513605	0	302,309,453,617,654,799
855	-103.22644801740238	21.523309882562643	1	123,287,496,639,663,789
856	-109.67791552055375	30.531511218877025	0	178,293,376,393,657,886
857	-110.48907412196972	27.70916544775357	0	137,330,723,754
858	-102.00604670785208	21.24796239787459	1	186,246,308,489,767,822
859	-96.90655544514578	18.211807043651888	0	37,74,228,450,894,921
860	-92.65072610103137	17.34551567628799	0	98,113,410,696,826,906
861	-105.98505033877804	26.29670346303912	1	159,274,540,640,776,816
862	-109.11404292891352	28.664258913985783	0	103,462,520,787,829,914
863	-95.93980875283955	16.781229426566018	0	8,141,382,441,717,839
864	-99.32375880065989	16.900163855619567	0	483,573,665,808
865	-92.39278224394698	14.803480293218772	0	142,725,980
866	-98.46862655676647	17.722411988442506	0	20,97,412,563,612,728
867	-100.03143178950211	17.217674250965207	0	200,573,665,732,925
868	-115.03575895809576	32.447142882561316	0	419,613,642
869	-92.01279562455201	18.479971975987695	0	279,301,415
870	-100.26627227814006	20.241439396951836	1	182,271,300,557,832,842
871	-95.90747360052413	16.040809576614112	0	8,149,717,760
872	-103.45908303602297	19.189039461868152	0	7,92,133,265,464,851
873	-110.34582180263817	23.823557370358003	0	278,292,578,641
874	-107.32005250087745	30.419422560078324	0	14,249,522,778,835,915
875	-102.11048110574376	27.416061333311216	0	120,443,491,648,794,847
876	-107.91266431569836	29.19429067686519	1	9,112,604,698,710,891
877	-109.18238564922642	27.48887614275995	0	58,67,190,421,471,668
878	-108.97328908351012	31.003530928207564	1	293,434,657,740
879	-89.84992184078243	17.82970982515215	0	259,761,898,956,992,997
880	-95.26083719199471	16.455360462937364	0	0,8,59,149,839
881	-100.32676978707288	21.002383291312647	1	182,300,396,516,518,601
882	-105.38803918360837	27.521588840810832	0	65,94,234,276,513,910
883	-91.1413660392314	18.51451230193452	0	469,658,680,927
884	-104.17529937692689	21.43165599857108	1	69,266,789,798,803,918
885	-93.33143679320945	18.420100947368667	0	714,784,841
886	-109.36023667094781	30.184442439363607	0	178,432,587,657,781,856
887	-93.71532826961031	16.183623248962594	0	49,572,713,837
888	-95.55683326753766	18.29832481609573	0	81,242,304,684,890,922
889	-105.30008340713327	24.811523335413337	1	495,497,501,542,763,795
890	-95.34753489977203	18.684984168168008	0	81,888,922
891	-107.60354268133894	28.841484877546062	1	112,377,455,710,800,876
892	-104.57404591175109	29.144615847680107	0	21,62,184,335,416
893	-100.24337567804409	22.928068614151538	0	216,268,512,564,679,796
894	-96.66228755402403	17.852922133719137	0	74,398,450,484,859,935
895	-87.91230901087259	19.693486316087082	0	129,248,384,429,476
896	-102.98529842402617	23.865965495036754	1	31,115,139,458,667,946
897	-98.13464944507761	23.44935148881883	0	18,93,351,399,615
898	-90.0623550695411	18.186724165414404	0	259,318,354,879,928,992
899	-96.24784192193272	18.63052336816542	0	74,228,304,386,600,922
900	-99.54054575205656	19.91611671809062	1	189,254,271,282,751,832
901	-97.27585037831079	20.832970410925967	0	230,326,336,505
902	-97.07279234610449	17.075084120735756	1	78,125,484,530,688,938
903	-109.43526653874156	25.89705125417606	0	86
904	-101.54279145314781	26.68653707207081	0	11,235,323,523,608,794
905	-92.00349669776132	17.744112200330385	0	279,288,410,415,634,826
906	-92.42721947825949	16.989365779479996	0	10,113,779,826,827,860
907	-102.34202452000982	29.70725950922184	0	436,620,709
908	-112.54249085139658	30.527028086483394	0	76,258,606,609,833
909	-113.43016235734174	28.451171102231516	0	99,201,439,828
910	-105.58831496726049	27.11392795152992	1	104,107,234,276,776,882
911	-105.38089233929797	29.456840531952	0	184,335,367,769,780,933
912	-104.59391800786246	27.209263080529862	1	65,172,205,234,670,745
913	-99.22858123826511	18.798725271508317	0	345,554,561,683,806,817
914	-109.42703951922134	29.013725133015996	0	103,151,381,498,829,862
915	-106.808909244837	30.473165600512537	0	14,27,126,209,249,874
916	-107.54847006227708	24.95677255289763	0	83,438,547,583,802,824
917	-105.40167439612763	23.634791811634404	1	130,167,526,535,548,937
918	-104.64994128381167	21.383756603042308	0	69,84,284,718,798,884
919	-94.8726171290157	17.965674599945903	0	52,81,196,242,576
920	-101.2019070787704	17.493145665035602	0	70,347,407
921	-97.15256014599184	18.571443639134777	1	37,54,173,228,655,859
922	-95.79711113994446	18.658329063734694	0	304,600,888,890,899
923	-98.23218686935415	24.97383267354386	0	38,224,331,712,809,845
924	-97.94666815371683	20.410464989548135	0	230,326,463,521,622,692
925	-100.2882340742145	17.5740315078663	1	70,105,200,245,732,867
926	-103.89184538125562	27.65909472694629	0	172,375,556,669,670,764
927	-90.70807861347924	18.530197161995783	0	318,354,469,595,658,883
928	-89.84655345875706	18.558442390103586	0	50,259,354,510,898,936
929	-109.80575841585826	31.287081060147738	0	161,293,376
930	-94.61299174816872	16.866937548318244	0	0,59,152,204,251,653
931	-108.26226325750736	26.4322905749884	0	64,210,316,481,597,708
932	-97.90108869285413	19.654395316544854	1	134,296,517,521,624,692
933	-105.5844082317012	29.051263814999484	0	184,367,619,746,788,911
934	-106.36837375558136	23.531557048424094	0	108,117,157,167
935	-96.4197469299028	17.49483452037001	1	382,398,484,519,530,894
936	-89.62992784827345	18.929709682124656	0	15,50,75,423,510,928
937	-105.11380877945149	23.27582159767863	1	116,526,528,534,548,917
938	-97.52122768461611	17.042235055169066	1	78,125,143,211,222,902
939	-105.9826798393452	24.351725165600126	1	117,261,448,497,501,535
940	-102.766418812991	28.907741308422732	0	170,671,686,709,765
941	-108.3770828101384	27.197756605762002	0	57,64,67,363,471,597
942	-99.46253942025864	25.286013031813848	0	33,44,88,344,584,836
943	-111.43640065271804	28.746851242956534	0	223,408,560,804
944	-106.67378539812849	25.834457538041306	1	42,140,159,346,640,753
945	-103.10696597404858	22.69408270877945	1	96,177,478,532,589,630
946	-103.18657184564574	23.46094931864973	1	139,458,478,630,647,896
947	-102.91743279675453	18.47540819036783	0	1,2,131,265,656
948	-90.27819846581748	17.086891205611188	0	955,956,968,978,990,1000
949	-89.85654529563605	16.37999283808641	0	958,963,968,969,975,999
950	-90.49074394367264	15.99080226923838	0	831,962,967,975,999,1001
951	-90.49037839243175	15.269646454579155	0	962,967,974,984,987,1008
952	-91.13306431200024	17.050813473057502	0	63,111,391,715,955,989
953	-91.54983775484166	15.576025987162847	1	981,983,985,988,998,1005
954	-91.11702618887773	14.158443234725588	0	959,966,1006,1007
955	-90.70481492329881	17.069337520128457	0	111,948,952,989,990,1000
956	-90.0644674169702	17.458465876825755	0	879,948,978,990,992,997
957	-89.21556039150639	17.48823994583179	0	761,997,1003
958	-89.43572515203272	16.39714732048975	0	949,963,969,970,976
959	-90.90894370703019	14.528862936427522	1	954,965,966,973,1007,1008
960	-89.86619999490827	14.227984235159077	0	972,982,993
961	-91.75141363699677	14.480527048822463	0	980,994,1006,1007
962	-90.70162734428227	15.619513597649826	0	950,951,967,974,988,1001
963	-89.64815487939117	16.028397392971854	0	949,958,964,976,999,1004
964	-89.44137094409987	15.67808313902037	0	963,971,976,991,996,1004
965	-90.49001697815994	14.551772386780145	1	959,966,972,982,987,1008
966	-90.69851197360317	14.182438221900327	0	954,959,965,972
967	-90.27989756603273	15.639918445796544	0	950,951,962,984,999,1004
968	-90.0665554085044	16.73283568784419	0	948,949,969,975,978,1000
969	-89.64367642681978	16.749703147026334	0	949,958,968,970,978,1003
970	-89.22251260789628	16.765643284341387	0	958,969,1003
971	-89.65258238513307	15.310128329217298	0	964,977,979,984,991,1004
972	-90.28155817564519	14.205616723369598	0	960,965,966,982
973	-91.12096707314255	14.876624063116434	1	959,974,994,998,1007,1008
974	-90.91170204486943	15.248105426462566	1	951,962,973,988,998,1008
975	-90.2790529104732	16.361925088502808	0	831,949,950,968,999,1000
976	-89.22938546358328	16.045854439732015	0	958,963,964,996
977	-89.86301830996831	14.942035415241136	0	971,979,982,984,987,993
978	-89.85325269921329	17.103487715251976	0	948,956,968,969,997,1003
979	-89.44695276358347	14.96214899683523	0	971,977,991,993,1002
980	-91.9673659615326	14.828729908522911	0	142,865,961,983,994
981	-91.97624257168975	15.55292723032098	0	142,370,610,953,983,985
982	-90.07267733640403	14.573849773679319	1	960,965,972,977,987,993
983	-91.75901771533245	15.20239289036467	1	142,953,980,981,994,998
984	-90.07065996316034	15.29031851918393	0	951,967,971,977,987,1004
985	-91.76670953682624	15.927595567537193	0	402,610,735,953,981,1005
986	-88.82148740311527	15.347189583208392	0	991,996
987	-90.28073259988182	14.921081018765916	0	951,965,977,982,984,1008
988	-91.12495319604777	15.59821776645742	1	953,962,974,998,1001,1005
989	-90.92016961030976	17.424799429905494	0	53,63,952,955,990,995
990	-90.49148775961596	17.442125310965142	0	948,955,956,989,992,995
991	-89.23618030966848	15.329082908420478	0	964,971,979,986,996
992	-90.27733407332441	17.814603145065238	0	318,879,898,956,990,995
993	-89.65695980858595	14.595101096164134	0	960,977,979,982,1002
994	-91.54341472728294	14.853111056097855	1	961,973,980,983,998,1007
995	-90.7064365471645	17.798496573684044	0	53,318,658,989,990,992
996	-89.0246439900578	15.695857759834029	0	964,976,986,991
997	-89.63914614290091	17.473834864766008	0	761,879,956,957,978,1003
998	-91.3345943251389	15.225689052666615	1	953,973,974,983,988,994
999	-90.06861945400449	16.010049255760713	0	949,950,963,967,975,1004
1000	-90.49111370318857	16.715032398269315	0	111,831,948,955,968,975
1001	-90.91449210522372	15.970648999469978	0	198,831,950,962,988,1005
1002	-89.24289846679387	14.615532658055711	0	979,993
1003	-89.43001428123232	17.119134167622303	0	957,969,970,978,997
1004	-89.8598002856427	15.659439215893832	0	963,964,967,971,984,999
1005	-91.33982673375445	15.949583952308581	0	198,735,953,985,988,1001
1006	-91.53706469173774	14.133626581546409	0	954,961,1007
1007	-91.32942155069424	14.505115739452227	0	954,959,961,973,994,1006
1008	-90.70006078932197	14.899279299004924	1	951,959,965,973,974,987
