id,lat,lon
0,12.0,-12.0
1,12.0,-12.0
2,4.0,17.0
3,4.0,17.0
4,-3.0,37.0
5,-3.0,37.0
6,1.0,29.0
7,1.0,29.0
8,-3.0,37.0
9,-3.0,37.0
10,8.0,5.0
11,8.0,5.0
12,28.0,109.0
13,28.0,109.0
14,4.0,17.0
15,4.0,17.0
16,4.0,17.0
17,4.0,17.0
18,4.0,17.0
19,4.0,17.0
20,43.0,0.0
21,43.0,0.0
22,4.0,17.0
23,4.0,17.0
24,-3.0,37.0
25,-3.0,37.0
26,4.0,17.0
27,4.0,17.0
28,4.0,17.0
29,4.0,17.0
30,12.0,-12.0
31,12.0,-12.0
32,12.0,-12.0
33,12.0,-12.0
34,4.0,17.0
35,4.0,17.0
36,4.0,17.0
37,4.0,17.0
38,12.0,-12.0
39,12.0,-12.0
40,8.0,5.0
41,8.0,5.0
42,-25.6,24.25
43,-25.6,24.25
44,8.0,5.0
45,8.0,5.0
46,-3.0,37.0
47,-3.0,37.0
48,48.5,124.0
49,48.5,124.0
50,12.0,-12.0
51,12.0,-12.0
52,12.0,-12.0
53,12.0,-12.0
54,12.0,-12.0
55,12.0,-12.0
56,8.0,5.0
57,8.0,5.0
58,12.0,-12.0
59,12.0,-12.0
60,4.0,17.0
61,4.0,17.0
62,8.0,5.0
63,8.0,5.0
64,4.0,17.0
65,4.0,17.0
66,43.5,81.5
67,43.5,81.5
68,8.0,5.0
69,8.0,5.0
70,8.0,5.0
71,8.0,5.0
72,1.0,29.0
73,1.0,29.0
74,4.0,17.0
75,4.0,17.0
76,8.0,5.0
77,8.0,5.0
78,8.0,5.0
79,8.0,5.0
80,-3.0,37.0
81,-3.0,37.0
82,43.5,81.5
83,43.5,81.5
84,44.0,81.0
85,44.0,81.0
86,-11.0,-62.0
87,-11.0,-62.0
88,-25.6,24.25
89,-25.6,24.25
90,12.0,-12.0
91,12.0,-12.0
92,-25.6,24.25
93,-25.6,24.25
94,12.0,-12.0
95,12.0,-12.0
96,4.0,17.0
97,4.0,17.0
98,12.0,-12.0
99,12.0,-12.0
100,26.0,64.0
101,26.0,64.0
102,33.5,70.5
103,33.5,70.5
104,-6.0,155.0
105,-6.0,155.0
106,29.0,109.0
107,29.0,109.0
108,4.0,17.0
109,4.0,17.0
110,1.0,29.0
111,1.0,29.0
112,12.0,-12.0
113,12.0,-12.0
114,44.0,81.0
115,44.0,81.0
116,12.0,105.0
117,12.0,105.0
118,12.0,105.0
119,12.0,105.0
120,33.5,70.0
121,33.5,70.0
122,36.5,74.0
123,36.5,74.0
124,-6.0,155.0
125,-6.0,155.0
126,26.0,64.0
127,26.0,64.0
128,-4.0,143.0
129,-4.0,143.0
130,12.0,-12.0
131,12.0,-12.0
132,-6.0,155.0
133,-6.0,155.0
134,33.5,70.0
135,33.5,70.0
136,33.5,70.0
137,33.5,70.0
138,-4.0,143.0
139,-4.0,143.0
140,1.0,29.0
141,1.0,29.0
142,3.0,-68.0
143,3.0,-68.0
144,32.0,35.0
145,32.0,35.0
146,26.0,64.0
147,26.0,64.0
148,25.5,69.0
149,25.5,69.0
150,32.0,35.0
151,32.0,35.0
152,44.0,39.0
153,44.0,39.0
154,-6.0,155.0
155,-6.0,155.0
156,63.0,129.5
157,63.0,129.5
158,30.5,66.5
159,30.5,66.5
160,25.5,69.0
161,25.5,69.0
162,36.5,74.0
163,36.5,74.0
164,31.0,35.0
165,31.0,35.0
166,32.0,3.0
167,32.0,3.0
168,31.0,35.0
169,31.0,35.0
170,-4.0,143.0
171,-4.0,143.0
172,12.0,105.0
173,12.0,105.0
174,30.5,66.5
175,30.5,66.5
176,33.5,70.5
177,33.5,70.5
178,25.5,69.0
179,25.5,69.0
180,44.0,81.0
181,44.0,81.0
182,8.0,5.0
183,8.0,5.0
184,4.0,17.0
185,4.0,17.0
186,36.0,71.5
187,36.0,71.5
188,63.0,129.5
189,63.0,129.5
190,30.5,66.5
191,30.5,66.5
192,29.0,-108.0
193,29.0,-108.0
194,36.0,71.5
195,36.0,71.5
196,32.0,35.0
197,32.0,35.0
198,44.0,39.0
199,44.0,39.0
200,-10.0,-63.0
201,-10.0,-63.0
202,44.0,39.0
203,44.0,39.0
204,36.5,74.0
205,36.5,74.0
206,-10.0,-63.0
207,-10.0,-63.0
208,-4.0,143.0
209,-4.0,143.0
210,63.0,129.5
211,63.0,129.5
212,32.0,35.0
213,32.0,35.0
214,1.0,29.0
215,1.0,29.0
216,-4.0,143.0
217,-4.0,143.0
218,31.0,35.0
219,31.0,35.0
220,30.5,66.5
221,30.5,66.5
222,33.5,70.5
223,33.5,70.5
224,8.0,5.0
225,8.0,5.0
226,19.0,-91.0
227,19.0,-91.0
228,30.5,66.5
229,30.5,66.5
230,4.0,17.0
231,4.0,17.0
232,3.0,-68.0
233,3.0,-68.0
234,28.0,109.0
235,28.0,109.0
236,30.5,66.5
237,30.5,66.5
238,8.0,5.0
239,8.0,5.0
240,-6.1,145.4
241,-6.1,145.4
242,8.0,5.0
243,8.0,5.0
244,48.5,119.0
245,48.5,119.0
246,8.0,5.0
247,8.0,5.0
248,8.0,5.0
249,8.0,5.0
250,1.0,29.0
251,1.0,29.0
252,8.0,5.0
253,8.0,5.0
254,32.0,3.0
255,32.0,3.0
256,32.0,35.0
257,32.0,35.0
258,32.0,35.0
259,32.0,35.0
260,-11.0,-62.0
261,-11.0,-62.0
262,28.0,109.0
263,28.0,109.0
264,-6.1,145.4
265,-6.1,145.4
266,-21.0,20.0
267,-21.0,20.0
268,33.5,70.0
269,33.5,70.0
270,1.0,29.0
271,1.0,29.0
272,-3.0,37.0
273,-3.0,37.0
274,-3.0,37.0
275,-3.0,37.0
276,29.0,-108.0
277,29.0,-108.0
278,-11.0,-62.0
279,-11.0,-62.0
280,-3.0,37.0
281,-3.0,37.0
282,-21.0,20.0
283,-21.0,20.0
284,19.0,-91.0
285,19.0,-91.0
286,32.3,114.0
287,32.3,114.0
288,8.0,5.0
289,8.0,5.0
290,32.3,114.0
291,32.3,114.0
292,32.0,3.0
293,32.0,3.0
294,4.0,17.0
295,4.0,17.0
296,43.5,81.5
297,43.5,81.5
298,29.0,-108.0
299,29.0,-108.0
300,8.0,5.0
301,8.0,5.0
302,32.3,114.0
303,32.3,114.0
304,48.5,124.0
305,48.5,124.0
306,36.0,71.5
307,36.0,71.5
308,28.0,103.0
309,28.0,103.0
310,21.0,100.0
311,21.0,100.0
312,32.3,114.0
313,32.3,114.0
314,32.3,114.0
315,32.3,114.0
316,1.0,29.0
317,1.0,29.0
318,27.0,119.0
319,27.0,119.0
320,29.0,109.0
321,29.0,109.0
322,-3.0,37.0
323,-3.0,37.0
324,32.3,114.0
325,32.3,114.0
326,21.0,100.0
327,21.0,100.0
328,32.3,114.0
329,32.3,114.0
330,32.3,114.0
331,32.3,114.0
332,32.3,114.0
333,32.3,114.0
334,34.7,107.8
335,34.7,107.8
336,27.0,119.0
337,27.0,119.0
338,32.3,114.0
339,32.3,114.0
340,48.5,124.0
341,48.5,124.0
342,26.0,100.0
343,26.0,100.0
344,32.3,114.0
345,32.3,114.0
346,-25.6,24.25
347,-25.6,24.25
348,4.0,17.0
349,4.0,17.0
350,32.3,114.0
351,32.3,114.0
352,34.7,107.8
353,34.7,107.8
354,32.3,114.0
355,32.3,114.0
356,12.0,-12.0
357,12.0,-12.0
358,32.3,114.0
359,32.3,114.0
360,32.3,114.0
361,32.3,114.0
362,32.3,114.0
363,32.3,114.0
364,32.3,114.0
365,32.3,114.0
366,32.3,114.0
367,32.3,114.0
368,32.3,114.0
369,32.3,114.0
370,22.0,100.0
371,22.0,100.0
372,29.0,109.0
373,29.0,109.0
374,34.7,107.8
375,34.7,107.8
376,32.3,114.0
377,32.3,114.0
378,32.3,114.0
379,32.3,114.0
380,28.0,109.0
381,28.0,109.0
382,32.3,114.0
383,32.3,114.0
384,28.0,103.0
385,28.0,103.0
386,36.0,101.0
387,36.0,101.0
388,34.7,107.8
389,34.7,107.8
390,36.0,101.0
391,36.0,101.0
392,36.0,101.0
393,36.0,101.0
394,22.0,100.0
395,22.0,100.0
396,32.3,114.0
397,32.3,114.0
398,32.3,114.0
399,32.3,114.0
400,34.7,107.8
401,34.7,107.8
402,34.7,107.8
403,34.7,107.8
404,32.3,114.0
405,32.3,114.0
406,48.5,119.0
407,48.5,119.0
408,28.0,103.0
409,28.0,103.0
410,27.0,119.0
411,27.0,119.0
412,22.0,100.0
413,22.0,100.0
414,29.0,109.0
415,29.0,109.0
416,36.0,101.0
417,36.0,101.0
418,32.3,114.0
419,32.3,114.0
420,28.0,103.0
421,28.0,103.0
422,28.0,109.0
423,28.0,109.0
424,26.0,100.0
425,26.0,100.0
426,22.0,100.0
427,22.0,100.0
428,21.0,100.0
429,21.0,100.0
430,28.0,109.0
431,28.0,109.0
432,29.0,109.0
433,29.0,109.0
434,28.0,103.0
435,28.0,103.0
436,36.0,101.0
437,36.0,101.0
438,28.0,109.0
439,28.0,109.0
440,36.0,101.0
441,36.0,101.0
442,36.0,101.0
443,36.0,101.0
444,27.0,119.0
445,27.0,119.0
446,34.7,107.8
447,34.7,107.8
448,34.7,107.8
449,34.7,107.8
450,27.0,119.0
451,27.0,119.0
452,37.5,139.0
453,37.5,139.0
454,34.7,107.8
455,34.7,107.8
456,32.3,114.0
457,32.3,114.0
458,37.5,139.0
459,37.5,139.0
460,28.0,103.0
461,28.0,103.0
462,27.0,119.0
463,27.0,119.0
464,29.0,109.0
465,29.0,109.0
466,22.0,100.0
467,22.0,100.0
468,26.0,100.0
469,26.0,100.0
470,26.0,100.0
471,26.0,100.0
472,47.5,133.5
473,47.5,133.5
474,22.0,100.0
475,22.0,100.0
476,36.0,101.0
477,36.0,101.0
478,63.0,129.5
479,63.0,129.5
480,43.5,81.5
481,43.5,81.5
482,37.5,139.0
483,37.5,139.0
484,47.5,133.5
485,47.5,133.5
486,50.4,126.5
487,50.4,126.5
488,27.0,119.0
489,27.0,119.0
490,32.3,114.0
491,32.3,114.0
492,36.5,74.0
493,36.5,74.0
494,63.0,129.5
495,63.0,129.5
496,27.0,119.0
497,27.0,119.0
498,26.0,100.0
499,26.0,100.0
500,48.5,124.0
501,48.5,124.0
502,34.7,107.8
503,34.7,107.8
504,28.0,103.0
505,28.0,103.0
506,32.3,114.0
507,32.3,114.0
508,37.5,139.0
509,37.5,139.0
510,63.0,129.5
511,63.0,129.5
512,44.0,81.0
513,44.0,81.0
514,12.0,105.0
515,12.0,105.0
516,28.0,103.0
517,28.0,103.0
518,48.5,119.0
519,48.5,119.0
520,63.0,129.5
521,63.0,129.5
522,28.0,109.0
523,28.0,109.0
524,36.5,74.0
525,36.5,74.0
526,36.5,74.0
527,36.5,74.0
528,63.0,129.5
529,63.0,129.5
530,47.5,133.5
531,47.5,133.5
532,12.0,105.0
533,12.0,105.0
534,63.0,129.5
535,63.0,129.5
536,37.5,139.0
537,37.5,139.0
538,48.5,119.0
539,48.5,119.0
540,29.0,109.0
541,29.0,109.0
542,50.4,126.5
543,50.4,126.5
544,33.5,70.0
545,33.5,70.0
546,44.0,81.0
547,44.0,81.0
548,50.4,126.5
549,50.4,126.5
550,37.5,139.0
551,37.5,139.0
552,33.5,70.0
553,33.5,70.0
554,36.5,74.0
555,36.5,74.0
556,37.5,139.0
557,37.5,139.0
558,37.5,139.0
559,37.5,139.0
560,37.5,139.0
561,37.5,139.0
562,48.5,119.0
563,48.5,119.0
564,47.5,133.5
565,47.5,133.5
566,37.5,139.0
567,37.5,139.0
568,37.5,139.0
569,37.5,139.0
570,37.5,139.0
571,37.5,139.0
572,33.5,70.0
573,33.5,70.0
574,33.5,70.0
575,33.5,70.0
576,37.5,139.0
577,37.5,139.0
578,33.5,70.0
579,33.5,70.0
580,63.0,129.5
581,63.0,129.5
582,36.5,74.0
583,36.5,74.0
584,36.5,74.0
585,36.5,74.0
586,48.5,124.0
587,48.5,124.0
588,63.0,129.5
589,63.0,129.5
590,50.4,126.5
591,50.4,126.5
592,63.0,129.5
593,63.0,129.5
594,12.0,105.0
595,12.0,105.0
596,33.5,70.0
597,33.5,70.0
598,43.5,81.5
599,43.5,81.5
600,48.5,124.0
601,48.5,124.0
602,43.5,81.5
603,43.5,81.5
604,63.0,129.5
605,63.0,129.5
606,63.0,129.5
607,63.0,129.5
608,37.5,139.0
609,37.5,139.0
610,63.0,129.5
611,63.0,129.5
612,63.0,129.5
613,63.0,129.5
614,48.5,124.0
615,48.5,124.0
616,50.4,126.5
617,50.4,126.5
618,37.5,139.0
619,37.5,139.0
620,50.4,126.5
621,50.4,126.5
622,36.5,74.0
623,36.5,74.0
624,36.5,74.0
625,36.5,74.0
626,47.5,133.5
627,47.5,133.5
628,37.5,139.0
629,37.5,139.0
630,63.0,129.5
631,63.0,129.5
632,37.5,139.0
633,37.5,139.0
634,37.5,139.0
635,37.5,139.0
636,63.0,129.5
637,63.0,129.5
638,12.0,105.0
639,12.0,105.0
640,30.5,66.5
641,30.5,66.5
642,48.5,119.0
643,48.5,119.0
644,63.0,129.5
645,63.0,129.5
646,30.5,66.5
647,30.5,66.5
648,37.5,139.0
649,37.5,139.0
650,44.0,81.0
651,44.0,81.0
652,30.5,66.5
653,30.5,66.5
654,30.5,66.5
655,30.5,66.5
656,37.5,139.0
657,37.5,139.0
658,33.5,70.5
659,33.5,70.5
660,48.5,119.0
661,48.5,119.0
662,47.5,133.5
663,47.5,133.5
664,33.5,70.0
665,33.5,70.0
666,25.5,69.0
667,25.5,69.0
668,63.0,129.5
669,63.0,129.5
670,33.5,70.0
671,33.5,70.0
672,36.0,71.5
673,36.0,71.5
674,30.5,66.5
675,30.5,66.5
676,30.5,66.5
677,30.5,66.5
678,30.5,66.5
679,30.5,66.5
680,36.5,74.0
681,36.5,74.0
682,25.5,69.0
683,25.5,69.0
684,36.0,71.5
685,36.0,71.5
686,30.5,66.5
687,30.5,66.5
688,33.5,70.5
689,33.5,70.5
690,30.5,66.5
691,30.5,66.5
692,36.0,71.5
693,36.0,71.5
694,30.5,66.5
695,30.5,66.5
696,33.5,70.5
697,33.5,70.5
698,33.5,70.5
699,33.5,70.5
700,36.0,71.5
701,36.0,71.5
702,30.5,66.5
703,30.5,66.5
704,30.5,66.5
705,30.5,66.5
706,25.5,69.0
707,25.5,69.0
708,33.5,70.5
709,33.5,70.5
710,43.0,0.0
711,43.0,0.0
712,36.5,74.0
713,36.5,74.0
714,36.5,74.0
715,36.5,74.0
716,25.5,69.0
717,25.5,69.0
718,33.5,70.5
719,33.5,70.5
720,30.5,66.5
721,30.5,66.5
722,30.5,66.5
723,30.5,66.5
724,25.5,69.0
725,25.5,69.0
726,30.5,66.5
727,30.5,66.5
728,33.5,70.5
729,33.5,70.5
730,36.0,71.5
731,36.0,71.5
732,30.5,66.5
733,30.5,66.5
734,30.5,66.5
735,30.5,66.5
736,25.5,69.0
737,25.5,69.0
738,30.5,66.5
739,30.5,66.5
740,25.5,69.0
741,25.5,69.0
742,33.5,70.5
743,33.5,70.5
744,36.0,71.5
745,36.0,71.5
746,36.5,74.0
747,36.5,74.0
748,30.5,66.5
749,30.5,66.5
750,43.0,0.0
751,43.0,0.0
752,33.5,70.5
753,33.5,70.5
754,33.5,70.5
755,33.5,70.5
756,36.0,71.5
757,36.0,71.5
758,36.0,71.5
759,36.0,71.5
760,30.5,66.5
761,30.5,66.5
762,43.0,0.0
763,43.0,0.0
764,36.5,74.0
765,36.5,74.0
766,30.5,66.5
767,30.5,66.5
768,26.0,64.0
769,26.0,64.0
770,46.0,2.0
771,46.0,2.0
772,46.0,2.0
773,46.0,2.0
774,25.5,69.0
775,25.5,69.0
776,25.5,69.0
777,25.5,69.0
778,36.5,74.0
779,36.5,74.0
780,25.5,69.0
781,25.5,69.0
782,30.5,66.5
783,30.5,66.5
784,30.5,66.5
785,30.5,66.5
786,30.5,66.5
787,30.5,66.5
788,26.0,64.0
789,26.0,64.0
790,61.0,40.0
791,61.0,40.0
792,30.5,66.5
793,30.5,66.5
794,36.0,71.5
795,36.0,71.5
796,26.0,64.0
797,26.0,64.0
798,33.5,70.5
799,33.5,70.5
800,61.0,40.0
801,61.0,40.0
802,26.0,64.0
803,26.0,64.0
804,33.5,70.5
805,33.5,70.5
806,36.0,71.5
807,36.0,71.5
808,26.0,64.0
809,26.0,64.0
810,46.0,2.0
811,46.0,2.0
812,46.0,2.0
813,46.0,2.0
814,30.5,66.5
815,30.5,66.5
816,26.0,64.0
817,26.0,64.0
818,43.0,0.0
819,43.0,0.0
820,26.0,64.0
821,26.0,64.0
822,26.0,64.0
823,26.0,64.0
824,25.5,69.0
825,25.5,69.0
826,61.0,40.0
827,61.0,40.0
828,46.0,2.0
829,46.0,2.0
830,61.0,40.0
831,61.0,40.0
832,61.0,40.0
833,61.0,40.0
834,46.0,2.0
835,46.0,2.0
836,43.0,0.0
837,43.0,0.0
838,46.0,2.0
839,46.0,2.0
840,46.0,2.0
841,46.0,2.0
842,26.0,64.0
843,26.0,64.0
844,44.0,39.0
845,44.0,39.0
846,26.0,64.0
847,26.0,64.0
848,44.0,39.0
849,44.0,39.0
850,61.0,40.0
851,61.0,40.0
852,61.0,40.0
853,61.0,40.0
854,25.5,69.0
855,25.5,69.0
856,61.0,40.0
857,61.0,40.0
858,30.5,66.5
859,30.5,66.5
860,44.0,39.0
861,44.0,39.0
862,43.0,0.0
863,43.0,0.0
864,46.0,2.0
865,46.0,2.0
866,26.0,64.0
867,26.0,64.0
868,46.0,2.0
869,46.0,2.0
870,46.0,2.0
871,46.0,2.0
872,46.0,2.0
873,46.0,2.0
874,46.0,2.0
875,46.0,2.0
876,26.0,64.0
877,26.0,64.0
878,30.5,66.5
879,30.5,66.5
880,46.0,2.0
881,46.0,2.0
882,46.0,2.0
883,46.0,2.0
884,46.0,2.0
885,46.0,2.0
886,26.0,64.0
887,26.0,64.0
888,46.0,2.0
889,46.0,2.0
890,61.0,40.0
891,61.0,40.0
892,26.0,64.0
893,26.0,64.0
894,61.0,40.0
895,61.0,40.0
896,30.5,66.5
897,30.5,66.5
898,43.0,0.0
899,43.0,0.0
900,46.0,2.0
901,46.0,2.0
902,61.0,40.0
903,61.0,40.0
904,46.0,2.0
905,46.0,2.0
906,26.0,64.0
907,26.0,64.0
908,61.0,40.0
909,61.0,40.0
910,46.0,2.0
911,46.0,2.0
912,44.0,39.0
913,44.0,39.0
914,26.0,64.0
915,26.0,64.0
916,26.0,64.0
917,26.0,64.0
918,44.0,39.0
919,44.0,39.0
920,26.0,64.0
921,26.0,64.0
922,44.0,39.0
923,44.0,39.0
924,26.0,64.0
925,26.0,64.0
926,61.0,40.0
927,61.0,40.0
928,43.0,0.0
929,43.0,0.0
930,61.0,40.0
931,61.0,40.0
932,44.0,39.0
933,44.0,39.0
934,61.0,40.0
935,61.0,40.0
936,44.0,39.0
937,44.0,39.0
938,46.0,2.0
939,46.0,2.0
940,61.0,40.0
941,61.0,40.0
942,44.0,39.0
943,44.0,39.0
944,61.0,40.0
945,61.0,40.0
946,61.0,40.0
947,61.0,40.0
948,46.0,2.0
949,46.0,2.0
950,59.0,-3.0
951,59.0,-3.0
952,61.0,40.0
953,61.0,40.0
954,26.0,64.0
955,26.0,64.0
956,61.0,40.0
957,61.0,40.0
958,61.0,40.0
959,61.0,40.0
960,40.0,9.0
961,40.0,9.0
962,61.0,40.0
963,61.0,40.0
964,40.0,9.0
965,40.0,9.0
966,46.0,2.0
967,46.0,2.0
968,46.0,10.0
969,46.0,10.0
970,61.0,40.0
971,61.0,40.0
972,43.0,11.0
973,43.0,11.0
974,46.0,10.0
975,46.0,10.0
976,32.0,35.0
977,32.0,35.0
978,40.0,9.0
979,40.0,9.0
980,32.0,35.0
981,32.0,35.0
982,44.0,39.0
983,44.0,39.0
984,59.0,-3.0
985,59.0,-3.0
986,43.0,0.0
987,43.0,0.0
988,40.0,9.0
989,40.0,9.0
990,32.0,35.0
991,32.0,35.0
992,32.0,35.0
993,32.0,35.0
994,40.0,9.0
995,40.0,9.0
996,59.0,-3.0
997,59.0,-3.0
998,32.0,35.0
999,32.0,35.0
1000,43.0,11.0
1001,43.0,11.0
1002,59.0,-3.0
1003,59.0,-3.0
1004,44.0,39.0
1005,44.0,39.0
1006,43.0,0.0
1007,43.0,0.0
1008,46.0,2.0
1009,46.0,2.0
1010,40.0,9.0
1011,40.0,9.0
1012,32.0,35.0
1013,32.0,35.0
1014,32.0,35.0
1015,32.0,35.0
1016,31.0,35.0
1017,31.0,35.0
1018,31.0,35.0
1019,31.0,35.0
1020,32.0,35.0
1021,32.0,35.0
1022,40.0,9.0
1023,40.0,9.0
1024,32.0,35.0
1025,32.0,35.0
1026,32.0,35.0
1027,32.0,35.0
1028,40.0,9.0
1029,40.0,9.0
1030,31.0,35.0
1031,31.0,35.0
1032,32.0,35.0
1033,32.0,35.0
1034,59.0,-3.0
1035,59.0,-3.0
1036,32.0,35.0
1037,32.0,35.0
1038,59.0,-3.0
1039,59.0,-3.0
1040,46.0,10.0
1041,46.0,10.0
1042,32.0,35.0
1043,32.0,35.0
1044,32.0,35.0
1045,32.0,35.0
1046,40.0,9.0
1047,40.0,9.0
1048,40.0,9.0
1049,40.0,9.0
1050,31.0,35.0
1051,31.0,35.0
1052,33.5,70.0
1053,33.5,70.0
1054,33.5,70.5
1055,33.5,70.5
1056,33.5,70.5
1057,33.5,70.5
1058,25.5,69.0
1059,25.5,69.0
1060,33.5,70.5
1061,33.5,70.5
1062,40.0,9.0
1063,40.0,9.0
1064,32.0,35.0
1065,32.0,35.0
1066,30.5,66.5
1067,30.5,66.5
1068,32.0,35.0
1069,32.0,35.0
1070,43.0,0.0
1071,43.0,0.0
1072,40.0,9.0
1073,40.0,9.0
1074,19.0,-91.0
1075,19.0,-91.0
1076,3.0,-68.0
1077,3.0,-68.0
1078,31.0,35.0
1079,31.0,35.0
1080,19.0,-91.0
1081,19.0,-91.0
1082,-4.0,143.0
1083,-4.0,143.0
1084,-6.0,155.0
1085,-6.0,155.0
1086,32.0,35.0
1087,32.0,35.0
1088,31.0,35.0
1089,31.0,35.0
1090,33.5,70.0
1091,33.5,70.0
1092,32.0,35.0
1093,32.0,35.0
1094,32.0,35.0
1095,32.0,35.0
1096,31.0,35.0
1097,31.0,35.0
1098,31.0,35.0
1099,31.0,35.0
1100,59.0,-3.0
1101,59.0,-3.0
1102,46.0,10.0
1103,46.0,10.0
1104,43.0,11.0
1105,43.0,11.0
1106,59.0,-3.0
1107,59.0,-3.0
1108,32.0,35.0
1109,32.0,35.0
1110,46.0,10.0
1111,46.0,10.0
1112,31.0,35.0
1113,31.0,35.0
1114,33.5,70.0
1115,33.5,70.0
1116,37.5,139.0
1117,37.5,139.0
1118,36.0,71.5
1119,36.0,71.5
1120,33.5,70.0
1121,33.5,70.0
1122,25.5,69.0
1123,25.5,69.0
1124,36.0,71.5
1125,36.0,71.5
1126,46.0,10.0
1127,46.0,10.0
1128,40.0,9.0
1129,40.0,9.0
1130,19.0,-91.0
1131,19.0,-91.0
1132,32.0,35.0
1133,32.0,35.0
1134,-6.1,145.4
1135,-6.1,145.4
1136,-6.0,155.0
1137,-6.0,155.0
1138,19.0,-91.0
1139,19.0,-91.0
1140,-10.0,-63.0
1141,-10.0,-63.0
1142,43.0,11.0
1143,43.0,11.0
1144,40.0,9.0
1145,40.0,9.0
1146,12.0,-12.0
1147,12.0,-12.0
1148,32.0,35.0
1149,32.0,35.0
1150,31.0,35.0
1151,31.0,35.0
1152,31.0,35.0
1153,31.0,35.0
1154,32.0,3.0
1155,32.0,3.0
1156,32.0,35.0
1157,32.0,35.0
1158,40.0,9.0
1159,40.0,9.0
1160,43.0,11.0
1161,43.0,11.0
1162,40.0,9.0
1163,40.0,9.0
1164,32.0,35.0
1165,32.0,35.0
1166,32.0,35.0
1167,32.0,35.0
1168,33.5,70.0
1169,33.5,70.0
1170,36.5,74.0
1171,36.5,74.0
1172,43.5,81.5
1173,43.5,81.5
1174,32.0,35.0
1175,32.0,35.0
1176,30.5,66.5
1177,30.5,66.5
1178,36.0,71.5
1179,36.0,71.5
1180,36.5,74.0
1181,36.5,74.0
1182,33.5,70.5
1183,33.5,70.5
1184,32.0,35.0
1185,32.0,35.0
1186,19.0,-91.0
1187,19.0,-91.0
1188,-6.0,155.0
1189,-6.0,155.0
1190,29.0,-108.0
1191,29.0,-108.0
1192,-10.0,-63.0
1193,-10.0,-63.0
1194,3.0,-68.0
1195,3.0,-68.0
1196,32.0,3.0
1197,32.0,3.0
1198,46.0,10.0
1199,46.0,10.0
1200,3.0,-68.0
1201,3.0,-68.0
1202,19.0,-91.0
1203,19.0,-91.0
1204,12.0,-12.0
1205,12.0,-12.0
1206,31.0,35.0
1207,31.0,35.0
1208,32.0,35.0
1209,32.0,35.0
1210,31.0,35.0
1211,31.0,35.0
1212,32.0,35.0
1213,32.0,35.0
1214,43.0,0.0
1215,43.0,0.0
1216,31.0,35.0
1217,31.0,35.0
1218,59.0,-3.0
1219,59.0,-3.0
1220,40.0,9.0
1221,40.0,9.0
1222,43.0,0.0
1223,43.0,0.0
1224,32.0,35.0
1225,32.0,35.0
1226,32.0,35.0
1227,32.0,35.0
1228,31.0,35.0
1229,31.0,35.0
1230,32.0,35.0
1231,32.0,35.0
1232,32.0,3.0
1233,32.0,3.0
1234,30.5,66.5
1235,30.5,66.5
1236,25.5,69.0
1237,25.5,69.0
1238,36.0,71.5
1239,36.0,71.5
1240,40.0,9.0
1241,40.0,9.0
1242,40.0,9.0
1243,40.0,9.0
1244,43.0,11.0
1245,43.0,11.0
1246,-10.0,-63.0
1247,-10.0,-63.0
1248,19.0,-91.0
1249,19.0,-91.0
1250,19.0,-91.0
1251,19.0,-91.0
1252,19.0,-91.0
1253,19.0,-91.0
1254,29.0,-108.0
1255,29.0,-108.0
1256,37.5,139.0
1257,37.5,139.0
1258,29.0,-108.0
1259,29.0,-108.0
1260,37.5,139.0
1261,37.5,139.0
1262,-11.0,-62.0
1263,-11.0,-62.0
1264,32.0,35.0
1265,32.0,35.0
1266,32.0,35.0
1267,32.0,35.0
1268,32.0,35.0
1269,32.0,35.0
1270,32.0,3.0
1271,32.0,3.0
1272,31.0,35.0
1273,31.0,35.0
1274,40.0,9.0
1275,40.0,9.0
1276,43.0,0.0
1277,43.0,0.0
1278,32.0,35.0
1279,32.0,35.0
1280,32.0,35.0
1281,32.0,35.0
1282,32.0,3.0
1283,32.0,3.0
1284,48.5,124.0
1285,48.5,124.0
1286,31.0,35.0
1287,31.0,35.0
1288,31.0,35.0
1289,31.0,35.0
1290,63.0,129.5
1291,63.0,129.5
1292,37.5,139.0
1293,37.5,139.0
1294,33.5,70.5
1295,33.5,70.5
1296,30.5,66.5
1297,30.5,66.5
1298,30.5,66.5
1299,30.5,66.5
1300,-6.1,145.4
1301,-6.1,145.4
1302,31.0,35.0
1303,31.0,35.0
1304,21.0,100.0
1305,21.0,100.0
1306,29.0,-108.0
1307,29.0,-108.0
1308,31.0,35.0
1309,31.0,35.0
1310,19.0,-91.0
1311,19.0,-91.0
1312,29.0,-108.0
1313,29.0,-108.0
1314,-6.0,155.0
1315,-6.0,155.0
1316,59.0,-3.0
1317,59.0,-3.0
1318,19.0,-91.0
1319,19.0,-91.0
1320,32.0,35.0
1321,32.0,35.0
1322,31.0,35.0
1323,31.0,35.0
1324,32.0,35.0
1325,32.0,35.0
1326,31.0,35.0
1327,31.0,35.0
1328,32.0,35.0
1329,32.0,35.0
1330,32.0,35.0
1331,32.0,35.0
1332,32.0,35.0
1333,32.0,35.0
1334,32.0,35.0
1335,32.0,35.0
1336,31.0,35.0
1337,31.0,35.0
1338,47.5,133.5
1339,47.5,133.5
1340,32.0,35.0
1341,32.0,35.0
1342,30.5,66.5
1343,30.5,66.5
1344,32.0,3.0
1345,32.0,3.0
1346,36.5,74.0
1347,36.5,74.0
1348,25.5,69.0
1349,25.5,69.0
1350,32.0,35.0
1351,32.0,35.0
1352,29.0,-108.0
1353,29.0,-108.0
1354,-11.0,-62.0
1355,-11.0,-62.0
1356,32.0,3.0
1357,32.0,3.0
1358,32.0,3.0
1359,32.0,3.0
1360,12.0,-12.0
1361,12.0,-12.0
1362,31.0,35.0
1363,31.0,35.0
1364,32.0,3.0
1365,32.0,3.0
1366,43.0,0.0
1367,43.0,0.0
1368,31.0,35.0
1369,31.0,35.0
1370,32.0,35.0
1371,32.0,35.0
1372,32.0,35.0
1373,32.0,35.0
1374,32.0,35.0
1375,32.0,35.0
1376,31.0,35.0
1377,31.0,35.0
1378,32.0,35.0
1379,32.0,35.0
1380,31.0,35.0
1381,31.0,35.0
1382,31.0,35.0
1383,31.0,35.0
1384,32.0,35.0
1385,32.0,35.0
1386,43.0,0.0
1387,43.0,0.0
1388,40.0,9.0
1389,40.0,9.0
1390,32.0,35.0
1391,32.0,35.0
1392,32.0,35.0
1393,32.0,35.0
1394,46.0,10.0
1395,46.0,10.0
1396,31.0,35.0
1397,31.0,35.0
1398,32.0,35.0
1399,32.0,35.0
1400,37.5,139.0
1401,37.5,139.0
1402,25.5,69.0
1403,25.5,69.0
1404,30.5,66.5
1405,30.5,66.5
1406,30.5,66.5
1407,30.5,66.5
1408,43.0,0.0
1409,43.0,0.0
1410,46.0,10.0
1411,46.0,10.0
1412,32.0,35.0
1413,32.0,35.0
1414,32.0,3.0
1415,32.0,3.0
1416,4.0,17.0
1417,4.0,17.0
1418,19.0,-91.0
1419,19.0,-91.0
1420,4.0,17.0
1421,4.0,17.0
1422,-6.1,145.4
1423,-6.1,145.4
1424,19.0,-91.0
1425,19.0,-91.0
1426,-6.1,145.4
1427,-6.1,145.4
1428,31.0,35.0
1429,31.0,35.0
1430,32.0,35.0
1431,32.0,35.0
1432,32.0,35.0
1433,32.0,35.0
1434,32.0,35.0
1435,32.0,35.0
1436,43.0,0.0
1437,43.0,0.0
1438,40.0,9.0
1439,40.0,9.0
1440,63.0,129.5
1441,63.0,129.5
1442,32.0,3.0
1443,32.0,3.0
1444,36.5,74.0
1445,36.5,74.0
1446,36.5,74.0
1447,36.5,74.0
1448,33.5,70.5
1449,33.5,70.5
1450,59.0,-3.0
1451,59.0,-3.0
1452,46.0,10.0
1453,46.0,10.0
1454,44.0,81.0
1455,44.0,81.0
1456,59.0,-3.0
1457,59.0,-3.0
1458,-10.0,-63.0
1459,-10.0,-63.0
1460,29.0,-108.0
1461,29.0,-108.0
1462,32.0,35.0
1463,32.0,35.0
1464,-10.0,-63.0
1465,-10.0,-63.0
1466,-10.0,-63.0
1467,-10.0,-63.0
1468,19.0,-91.0
1469,19.0,-91.0
1470,19.0,-91.0
1471,19.0,-91.0
1472,31.0,35.0
1473,31.0,35.0
1474,32.0,35.0
1475,32.0,35.0
1476,31.0,35.0
1477,31.0,35.0
1478,31.0,35.0
1479,31.0,35.0
1480,31.0,35.0
1481,31.0,35.0
1482,32.0,35.0
1483,32.0,35.0
1484,31.0,35.0
1485,31.0,35.0
1486,32.0,3.0
1487,32.0,3.0
1488,31.0,35.0
1489,31.0,35.0
1490,32.0,35.0
1491,32.0,35.0
1492,32.0,35.0
1493,32.0,35.0
1494,50.4,126.5
1495,50.4,126.5
1496,36.0,71.5
1497,36.0,71.5
1498,43.0,0.0
1499,43.0,0.0
1500,59.0,-3.0
1501,59.0,-3.0
1502,12.0,-12.0
1503,12.0,-12.0
1504,32.0,3.0
1505,32.0,3.0
1506,19.0,-91.0
1507,19.0,-91.0
1508,26.0,100.0
1509,26.0,100.0
1510,32.0,35.0
1511,32.0,35.0
1512,32.0,3.0
1513,32.0,3.0
1514,32.0,3.0
1515,32.0,3.0
1516,31.0,35.0
1517,31.0,35.0
1518,32.0,3.0
1519,32.0,3.0
1520,32.0,35.0
1521,32.0,35.0
1522,32.0,35.0
1523,32.0,35.0
1524,31.0,35.0
1525,31.0,35.0
1526,32.0,35.0
1527,32.0,35.0
1528,32.0,35.0
1529,32.0,35.0
1530,32.0,35.0
1531,32.0,35.0
1532,31.0,35.0
1533,31.0,35.0
1534,43.0,0.0
1535,43.0,0.0
1536,-4.0,143.0
1537,-4.0,143.0
1538,32.0,35.0
1539,32.0,35.0
1540,-11.0,-62.0
1541,-11.0,-62.0
1542,44.0,81.0
1543,44.0,81.0
1544,31.0,35.0
1545,31.0,35.0
1546,32.0,35.0
1547,32.0,35.0
1548,32.0,3.0
1549,32.0,3.0
1550,25.5,69.0
1551,25.5,69.0
1552,36.0,71.5
1553,36.0,71.5
1554,36.0,71.5
1555,36.0,71.5
1556,32.0,3.0
1557,32.0,3.0
1558,29.0,-108.0
1559,29.0,-108.0
1560,32.0,35.0
1561,32.0,35.0
1562,32.0,35.0
1563,32.0,35.0
1564,32.0,35.0
1565,32.0,35.0
1566,32.0,35.0
1567,32.0,35.0
1568,30.5,66.5
1569,30.5,66.5
1570,33.5,70.5
1571,33.5,70.5
1572,30.5,66.5
1573,30.5,66.5
1574,40.0,9.0
1575,40.0,9.0
1576,32.0,35.0
1577,32.0,35.0
1578,63.0,129.5
1579,63.0,129.5
1580,25.5,69.0
1581,25.5,69.0
1582,19.0,-91.0
1583,19.0,-91.0
1584,32.0,35.0
1585,32.0,35.0
1586,-6.0,155.0
1587,-6.0,155.0
1588,32.0,3.0
1589,32.0,3.0
1590,32.0,3.0
1591,32.0,3.0
1592,31.0,35.0
1593,31.0,35.0
1594,40.0,9.0
1595,40.0,9.0
1596,32.0,3.0
1597,32.0,3.0
1598,32.0,3.0
1599,32.0,3.0
1600,32.0,35.0
1601,32.0,35.0
1602,46.0,2.0
1603,46.0,2.0
1604,12.0,-12.0
1605,12.0,-12.0
1606,1.0,29.0
1607,1.0,29.0
1608,32.3,114.0
1609,32.3,114.0
1610,8.0,5.0
1611,8.0,5.0
1612,-10.0,-63.0
1613,-10.0,-63.0
1614,21.0,100.0
1615,21.0,100.0
1616,40.0,9.0
1617,40.0,9.0
1618,40.0,9.0
1619,40.0,9.0
1620,40.0,9.0
1621,40.0,9.0
1622,22.0,100.0
1623,22.0,100.0
1624,31.0,35.0
1625,31.0,35.0
1626,32.0,35.0
1627,32.0,35.0
1628,26.0,100.0
1629,26.0,100.0
1630,27.0,119.0
1631,27.0,119.0
1632,1.0,29.0
1633,1.0,29.0
1634,1.0,29.0
1635,1.0,29.0
1636,30.5,66.5
1637,30.5,66.5
1638,26.0,100.0
1639,26.0,100.0
1640,-6.1,145.4
1641,-6.1,145.4
1642,44.0,39.0
1643,44.0,39.0
1644,32.0,35.0
1645,32.0,35.0
1646,33.5,70.5
1647,33.5,70.5
1648,43.5,81.5
1649,43.5,81.5
1650,37.5,139.0
1651,37.5,139.0
1652,37.5,139.0
1653,37.5,139.0
1654,32.0,35.0
1655,32.0,35.0
1656,28.0,109.0
1657,28.0,109.0
1658,30.5,66.5
1659,30.5,66.5
1660,32.3,114.0
1661,32.3,114.0
1662,61.0,40.0
1663,61.0,40.0
1664,-4.0,143.0
1665,-4.0,143.0
1666,29.0,109.0
1667,29.0,109.0
1668,3.0,-68.0
1669,3.0,-68.0
1670,32.0,3.0
1671,32.0,3.0
1672,32.0,35.0
1673,32.0,35.0
1674,47.5,133.5
1675,47.5,133.5
1676,21.0,100.0
1677,21.0,100.0
1678,26.0,64.0
1679,26.0,64.0
1680,43.0,0.0
1681,43.0,0.0
1682,-21.0,20.0
1683,-21.0,20.0
1684,46.0,10.0
1685,46.0,10.0
1686,8.0,5.0
1687,8.0,5.0
1688,29.0,-108.0
1689,29.0,-108.0
1690,36.5,74.0
1691,36.5,74.0
1692,-11.0,-62.0
1693,-11.0,-62.0
1694,-21.0,20.0
1695,-21.0,20.0
1696,8.0,5.0
1697,8.0,5.0
1698,32.0,3.0
1699,32.0,3.0
1700,-25.6,24.25
1701,-25.6,24.25
1702,-6.0,155.0
1703,-6.0,155.0
1704,33.5,70.5
1705,33.5,70.5
1706,-6.0,155.0
1707,-6.0,155.0
1708,40.0,9.0
1709,40.0,9.0
1710,12.0,-12.0
1711,12.0,-12.0
1712,29.0,-108.0
1713,29.0,-108.0
1714,47.5,133.5
1715,47.5,133.5
1716,-3.0,37.0
1717,-3.0,37.0
1718,63.0,129.5
1719,63.0,129.5
1720,22.0,100.0
1721,22.0,100.0
1722,28.0,103.0
1723,28.0,103.0
1724,33.5,70.0
1725,33.5,70.0
1726,-25.6,24.25
1727,-25.6,24.25
1728,-3.0,37.0
1729,-3.0,37.0
1730,21.0,100.0
1731,21.0,100.0
1732,30.5,66.5
1733,30.5,66.5
1734,25.5,69.0
1735,25.5,69.0
1736,28.0,103.0
1737,28.0,103.0
1738,43.5,81.5
1739,43.5,81.5
1740,1.0,29.0
1741,1.0,29.0
1742,12.0,-12.0
1743,12.0,-12.0
1744,-10.0,-63.0
1745,-10.0,-63.0
1746,31.0,35.0
1747,31.0,35.0
1748,26.0,64.0
1749,26.0,64.0
1750,36.0,71.5
1751,36.0,71.5
1752,-21.0,20.0
1753,-21.0,20.0
1754,46.0,2.0
1755,46.0,2.0
1756,12.0,105.0
1757,12.0,105.0
1758,32.3,114.0
1759,32.3,114.0
1760,44.0,39.0
1761,44.0,39.0
1762,43.0,0.0
1763,43.0,0.0
1764,32.0,35.0
1765,32.0,35.0
1766,61.0,40.0
1767,61.0,40.0
1768,27.0,119.0
1769,27.0,119.0
1770,44.0,81.0
1771,44.0,81.0
1772,1.0,29.0
1773,1.0,29.0
1774,-21.0,20.0
1775,-21.0,20.0
1776,63.0,129.5
1777,63.0,129.5
1778,12.0,105.0
1779,12.0,105.0
1780,32.3,114.0
1781,32.3,114.0
1782,46.0,10.0
1783,46.0,10.0
1784,46.0,2.0
1785,46.0,2.0
1786,43.0,11.0
1787,43.0,11.0
1788,-25.6,24.25
1789,-25.6,24.25
1790,48.5,124.0
1791,48.5,124.0
1792,36.5,74.0
1793,36.5,74.0
1794,-6.1,145.4
1795,-6.1,145.4
1796,36.0,101.0
1797,36.0,101.0
1798,19.0,-91.0
1799,19.0,-91.0
1800,-10.0,-63.0
1801,-10.0,-63.0
1802,-11.0,-62.0
1803,-11.0,-62.0
1804,21.0,100.0
1805,21.0,100.0
1806,3.0,-68.0
1807,3.0,-68.0
1808,25.5,69.0
1809,25.5,69.0
1810,29.0,109.0
1811,29.0,109.0
1812,-10.0,-63.0
1813,-10.0,-63.0
1814,48.5,119.0
1815,48.5,119.0
1816,48.5,119.0
1817,48.5,119.0
1818,43.0,11.0
1819,43.0,11.0
1820,-6.1,145.4
1821,-6.1,145.4
1822,33.5,70.0
1823,33.5,70.0
1824,-25.6,24.25
1825,-25.6,24.25
1826,44.0,81.0
1827,44.0,81.0
1828,28.0,109.0
1829,28.0,109.0
1830,36.0,71.5
1831,36.0,71.5
1832,30.5,66.5
1833,30.5,66.5
1834,4.0,17.0
1835,4.0,17.0
1836,21.0,100.0
1837,21.0,100.0
1838,12.0,-12.0
1839,12.0,-12.0
1840,8.0,5.0
1841,8.0,5.0
1842,46.0,2.0
1843,46.0,2.0
1844,19.0,-91.0
1845,19.0,-91.0
1846,4.0,17.0
1847,4.0,17.0
1848,36.0,101.0
1849,36.0,101.0
1850,50.4,126.5
1851,50.4,126.5
1852,59.0,-3.0
1853,59.0,-3.0
1854,50.4,126.5
1855,50.4,126.5
1856,59.0,-3.0
1857,59.0,-3.0
6954,-13.0,143.0
6955,-13.0,143.0
6956,-13.0,143.0
6957,-13.0,143.0
6958,35.166668,25.166666
6959,35.166668,25.166666
6960,35.163,25.445
6961,35.163,25.445
6962,21.0,100.0
6963,21.0,100.0
6964,8.783333333,27.4
6965,8.783333333,27.4
6966,46.0,2.0
6967,46.0,2.0
6968,32.26566812,114.0
6969,32.26566812,114.0
6970,-18.93725689,21.45244764
6971,-18.93725689,21.45244764
6972,-10.0,-63.0
6973,-10.0,-63.0
6974,12.0,-12.0
6975,12.0,-12.0
6976,1.0,29.0
6977,1.0,29.0
6978,16.95,-96.58
6979,16.95,-96.58
6980,-4.0,143.0
6981,-4.0,143.0
6982,40.0,9.0
6983,40.0,9.0
6984,7.4,3.9
6985,7.4,3.9
6986,43.003,41.015
6987,43.003,41.015
6988,43.003,41.015
6989,43.003,41.015
6990,44.0,39.0
6991,44.0,39.0
6992,44.0,39.0
6993,44.0,39.0
6994,41.3,19.8
6995,41.3,19.8
6996,55.18,166.0
6997,55.18,166.0
6998,55.18,166.0
6999,55.18,166.0
7000,50.84,85.654
7001,50.84,85.654
7002,22.843145,121.185356
7003,22.843145,121.185356
7004,22.843145,121.185356
7005,22.843145,121.185356
7006,39.815,46.752
7007,39.815,46.752
7008,40.605,43.101
7009,40.605,43.101
7010,24.611712,121.296444
7011,24.611712,121.296444
7012,30.5,66.5
7013,30.5,66.5
7014,-22.0,19.0
7015,-22.0,19.0
7016,-22.0,19.0
7017,-22.0,19.0
7018,-3.0,37.0
7019,-3.0,37.0
7020,-3.0,37.0
7021,-3.0,37.0
7022,-28.0,24.0
7023,-28.0,24.0
7024,-28.0,24.0
7025,-28.0,24.0
7026,43.0,0.0
7027,43.0,0.0
7028,43.0,0.0
7029,43.0,0.0
7030,31.0,35.0
7031,31.0,35.0
7032,31.0,35.0
7033,31.0,35.0
7034,23.7,90.4
7035,23.7,90.4
7036,23.7,90.4
7037,23.7,90.4
7038,46.0,10.0
7039,46.0,10.0
7040,46.0,10.0
7041,46.0,10.0
7042,4.0,17.0
7043,4.0,17.0
7044,4.0,17.0
7045,4.0,17.0
7046,-6.0,155.0
7047,-6.0,155.0
7048,-6.0,155.0
7049,-6.0,155.0
7050,17.7,83.3
7051,17.7,83.3
7052,17.7,83.3
7053,17.7,83.3
7054,30.5,66.5
7055,30.5,66.5
7056,30.5,66.5
7057,30.5,66.5
7058,42.163,24.741
7059,42.163,24.741
7060,42.163,24.741
7061,42.163,24.741
7062,17.0,96.7
7063,17.0,96.7
7064,17.0,96.7
7065,17.0,96.7
7066,36.5,74.0
7067,36.5,74.0
7068,36.5,74.0
7069,36.5,74.0
7070,12.0,105.0
7071,12.0,105.0
7072,12.0,105.0
7073,12.0,105.0
7074,-22.53,-63.82
7075,-22.53,-63.82
7076,43.333,45.65
7077,43.333,45.65
7078,69.0,169.0
7079,69.0,169.0
7080,50.1,14.4
7081,50.1,14.4
7082,21.0,100.0
7083,21.0,100.0
7084,21.0,100.0
7085,21.0,100.0
7086,21.0,100.0
7087,21.0,100.0
7088,48.5,124.0
7089,48.5,124.0
7090,8.8,27.4
7091,8.8,27.4
7092,8.8,27.4
7093,8.8,27.4
7094,32.0,35.0
7095,32.0,35.0
7096,32.0,35.0
7097,32.0,35.0
7098,4.7,114.7
7099,4.7,114.7
7100,4.7,114.7
7101,4.7,114.7
7102,51.2,0.7
7103,51.2,0.7
7104,51.2,0.7
7105,51.2,0.7
7106,6.5,6.0
7107,6.5,6.0
7108,6.5,6.0
7109,6.5,6.0
7110,64.48,172.86
7111,64.48,172.86
7112,66.02,169.71
7113,66.02,169.71
7114,66.02,169.71
7115,66.02,169.71
7116,64.4,173.9
7117,64.4,173.9
7118,64.4,173.9
7119,64.4,173.9
7120,58.386,24.502
7121,58.386,24.502
7122,58.985,26.864
7123,58.985,26.864
7124,57.53,135.88
7125,57.53,135.88
7126,57.53,135.88
7127,57.53,135.88
7128,57.53,135.88
7129,57.53,135.88
7130,60.2,24.9
7131,60.2,24.9
7132,60.2,24.9
7133,60.2,24.9
7134,60.2,24.9
7135,60.2,24.9
7136,46.0,2.0
7137,46.0,2.0
7138,46.0,2.0
7139,46.0,2.0
7140,13.4,-16.7
7141,13.4,-16.7
7142,13.4,-16.7
7143,13.4,-16.7
7144,42.5,41.85
7145,42.5,41.85
7146,42.5,41.85
7147,42.5,41.85
7148,38.0,23.7
7149,38.0,23.7
7150,38.0,23.7
7151,38.0,23.7
7152,32.3,114.0
7153,32.3,114.0
7154,32.3,114.0
7155,32.3,114.0
7156,21.3,-157.8
7157,21.3,-157.8
7158,33.5,70.0
7159,33.5,70.0
7160,33.5,70.0
7161,33.5,70.0
7162,47.5,133.5
7163,47.5,133.5
7164,47.5,133.5
7165,47.5,133.5
7166,47.5,19.1
7167,47.5,19.1
7168,47.5,19.1
7169,47.5,19.1
7170,64.1,-21.9
7171,64.1,-21.9
7172,64.1,-21.9
7173,64.1,-21.9
7174,17.1,121.0
7175,17.1,121.0
7176,17.1,121.0
7177,17.1,121.0
7178,35.586,51.46
7179,35.586,51.46
7180,35.586,51.46
7181,35.586,51.46
7182,33.3,44.4
7183,33.3,44.4
7184,33.3,44.4
7185,33.3,44.4
7186,13.5,80.0
7187,13.5,80.0
7188,13.5,80.0
7189,13.5,80.0
7190,57.0,157.0
7191,57.0,157.0
7192,37.85,139.0
7193,37.85,139.0
7194,37.85,139.0
7195,37.85,139.0
7196,37.85,139.0
7197,37.85,139.0
7198,32.055,35.914
7199,32.055,35.914
7200,32.055,35.914
7201,32.055,35.914
7202,32.055,35.914
7203,32.055,35.914
7204,-18.9,21.5
7205,-18.9,21.5
7206,-18.9,21.5
7207,-18.9,21.5
7208,-18.9,21.5
7209,-18.9,21.5
7210,36.0,71.5
7211,36.0,71.5
7212,36.0,71.5
7213,36.0,71.5
7214,17.7,83.3
7215,17.7,83.3
7216,17.7,83.3
7217,17.7,83.3
7218,-10.0,-63.0
7219,-10.0,-63.0
7220,-10.0,-63.0
7221,-10.0,-63.0
7222,-27.0,20.8
7223,-27.0,20.8
7224,-27.0,20.8
7225,-27.0,20.8
7226,18.3,82.9
7227,18.3,82.9
7228,21.0,105.9
7229,21.0,105.9
7230,21.0,105.9
7231,21.0,105.9
7232,37.6,127.0
7233,37.6,127.0
7234,37.6,127.0
7235,37.6,127.0
7236,28.07245287,82.48778
7237,28.07245287,82.48778
7238,28.07245287,84.259486
7239,28.07245287,84.259486
7240,42.9,74.6
7241,42.9,74.6
7242,42.9,74.6
7243,42.9,74.6
7244,22.0,100.0
7245,22.0,100.0
7246,22.0,100.0
7247,22.0,100.0
7248,42.117,48.183
7249,42.117,48.183
7250,42.117,48.183
7251,42.117,48.183
7252,1.3,36.8
7253,1.3,36.8
7254,1.3,36.8
7255,1.3,36.8
7256,-0.1,34.3
7257,-0.1,34.3
7258,-0.1,34.3
7259,-0.1,34.3
7260,17.7,83.3
7261,17.7,83.3
7262,17.7,83.3
7263,17.7,83.3
7264,26.0,64.0
7265,26.0,64.0
7266,26.0,64.0
7267,26.0,64.0
7268,17.7,83.3
7269,17.7,83.3
7270,17.7,83.3
7271,17.7,83.3
7272,12.0,-12.0
7273,12.0,-12.0
7274,12.0,-12.0
7275,12.0,-12.0
7276,63.8,61.45
7277,63.8,61.45
7278,63.65,62.1
7279,63.65,62.1
7280,-41.3,174.5
7281,-41.3,174.5
7282,-1.5,35.2
7283,-1.5,35.2
7284,-1.5,35.2
7285,-1.5,35.2
7286,19.0,-91.0
7287,19.0,-91.0
7288,19.0,-91.0
7289,19.0,-91.0
7290,1.0,29.0
7291,1.0,29.0
7292,1.0,29.0
7293,1.0,29.0
7294,1.0,29.0
7295,1.0,29.0
7296,8.5,-13.2
7297,8.5,-13.2
7298,8.5,-13.2
7299,8.5,-13.2
7300,28.0,109.0
7301,28.0,109.0
7302,28.0,109.0
7303,28.0,109.0
7304,16.95,-96.58
7305,16.95,-96.58
7306,16.95,-96.58
7307,16.95,-96.58
7308,17.0,-97.0
7309,17.0,-97.0
7310,17.0,-97.0
7311,17.0,-97.0
7312,45.0,111.0
7313,45.0,111.0
7314,45.0,111.0
7315,45.0,111.0
7316,32.0,3.0
7317,32.0,3.0
7318,32.0,3.0
7319,32.0,3.0
7320,26.0,100.0
7321,26.0,100.0
7322,26.0,100.0
7323,26.0,100.0
7324,43.017,44.65
7325,43.017,44.65
7326,43.017,44.65
7327,43.017,44.65
7328,60.4,5.4
7329,60.4,5.4
7330,59.0,-3.0
7331,59.0,-3.0
7332,59.0,-3.0
7333,59.0,-3.0
7334,50.4,126.5
7335,50.4,126.5
7336,50.4,126.5
7337,50.4,126.5
7338,32.0,35.0
7339,32.0,35.0
7340,32.0,35.0
7341,32.0,35.0
7342,32.0,35.0
7343,32.0,35.0
7344,-4.0,143.0
7345,-4.0,143.0
7346,-4.0,143.0
7347,-4.0,143.0
7348,-4.0,143.0
7349,-4.0,143.0
7350,-4.0,143.0
7351,-4.0,143.0
7352,-4.0,143.0
7353,-4.0,143.0
7354,-4.0,143.0
7355,-4.0,143.0
7356,-4.0,143.0
7357,-4.0,143.0
7358,-4.0,143.0
7359,-4.0,143.0
7360,-4.0,143.0
7361,-4.0,143.0
7362,-4.0,143.0
7363,-4.0,143.0
7364,-4.0,143.0
7365,-4.0,143.0
7366,-4.0,143.0
7367,-4.0,143.0
7368,-4.0,143.0
7369,-4.0,143.0
7370,-4.0,143.0
7371,-4.0,143.0
7372,33.5,70.5
7373,33.5,70.5
7374,33.5,70.5
7375,33.5,70.5
7376,3.0,-68.0
7377,3.0,-68.0
7378,3.0,-68.0
7379,3.0,-68.0
7380,29.0,-108.0
7381,29.0,-108.0
7382,29.0,-108.0
7383,29.0,-108.0
7384,52.2,21.0
7385,52.2,21.0
7386,31.5,74.3
7387,31.5,74.3
7388,31.5,74.3
7389,31.5,74.3
7390,31.5,74.3
7391,31.5,74.3
7392,31.5,74.3
7393,31.5,74.3
7394,-13.5,-72.0
7395,-13.5,-72.0
7396,-13.5,-72.0
7397,-13.5,-72.0
7398,-13.5,-72.0
7399,-13.5,-72.0
7400,17.7,83.3
7401,17.7,83.3
7402,17.7,83.3
7403,17.7,83.3
7404,61.0,40.0
7405,61.0,40.0
7406,61.0,40.0
7407,61.0,40.0
7408,69.9,27.0
7409,69.9,27.0
7410,69.9,27.0
7411,69.9,27.0
7412,27.3,-8.9
7413,27.3,-8.9
7414,27.3,-8.9
7415,27.3,-8.9
7416,32.203,35.27
7417,32.203,35.27
7418,40.0,9.0
7419,40.0,9.0
7420,40.0,9.0
7421,40.0,9.0
7422,27.0,119.0
7423,27.0,119.0
7424,27.0,119.0
7425,27.0,119.0
7426,25.5,69.0
7427,25.5,69.0
7428,25.5,69.0
7429,25.5,69.0
7430,5.6,48.3
7431,5.6,48.3
7432,39.9,-4.0
7433,39.9,-4.0
7434,39.9,-4.0
7435,39.9,-4.0
7436,-11.0,-62.0
7437,-11.0,-62.0
7438,-11.0,-62.0
7439,-11.0,-62.0
7440,37.508,71.568
7441,37.508,71.568
7442,37.508,71.568
7443,37.508,71.568
7444,13.8,100.5
7445,13.8,100.5
7446,13.8,100.5
7447,13.8,100.5
7448,53.0,158.65
7449,53.0,158.65
7450,55.18,166.0
7451,55.18,166.0
7452,36.0,101.0
7453,36.0,101.0
7454,36.0,101.0
7455,36.0,101.0
7456,51.13333333,87.0
7457,51.13333333,87.0
7458,51.13333333,87.0
7459,51.13333333,87.0
7460,29.0,109.0
7461,29.0,109.0
7462,29.0,109.0
7463,29.0,109.0
7464,38.7,35.5
7465,38.7,35.5
7466,38.7,35.5
7467,38.7,35.5
7468,43.0,11.0
7469,43.0,11.0
7470,43.0,11.0
7471,43.0,11.0
7472,52.43,140.42
7473,52.43,140.42
7474,52.37,140.45
7475,52.37,140.45
7476,44.0,81.0
7477,44.0,81.0
7478,44.0,81.0
7479,44.0,81.0
7480,43.5,81.5
7481,43.5,81.5
7482,43.5,81.5
7483,43.5,81.5
7484,17.7,83.3
7485,17.7,83.3
7486,17.7,83.3
7487,17.7,83.3
7488,63.0,129.5
7489,63.0,129.5
7490,63.0,129.5
7491,63.0,129.5
7492,15.4,44.2
7493,15.4,44.2
7494,15.4,44.2
7495,15.4,44.2
7496,28.0,103.0
7497,28.0,103.0
7498,28.0,103.0
7499,28.0,103.0
7500,7.4,3.9
7501,7.4,3.9
7502,7.4,3.9
7503,7.4,3.9
7504,16.5,-97.2
7505,16.5,-97.2
7506,16.5,-97.2
7507,16.5,-97.2
